2026-03-26T11:05:56Z,The Times of India,"Snapchat hit with EU probe into alleged failure to prevent child grooming, illegal goods sales"
2026-03-26T11:02:59Z,CNA,"Snapchat hit with EU probe into alleged failure to prevent child grooming, illegal goods sales"
2026-03-26T11:00:14Z,Theregister.com,"Digital euro goes full sovereignty mode, US cloud giants not on guest list"
2026-03-26T10:49:22Z,Insurance Journal,Britain to Intercept Russian ‘Shadow Fleet’ Ships in UK Waters
2026-03-26T10:48:06Z,The Times of India,"Thyssenkrupp, Jindal steel sale talks falter on pension, energy costs, sources say"
2026-03-26T10:47:24Z,POLITICO.eu,EU Parliament backs US trade deal — with strings attached
2026-03-26T10:45:38Z,Breitbart News,"Nearly One Million Migrants in Mediterranean Route Hub Libya, U.N. Agency Reports"
2026-03-26T10:41:44Z,RTE,EU parliament advances US trade deal with safeguards
2026-03-26T10:33:44Z,Globalresearch.ca,Trump 2.0’s Plans for Global Dominance
2026-03-26T10:26:42Z,The Irish Times,"Next Dáil could have 185 TDs, Seanad told, as McDowell seeks referendum on numbers cap"
2026-03-26T10:10:52Z,The Next Web,"Uber, Pony.ai, and Rimac’s Verne announce Europe’s first commercial robotaxi service"
2026-03-26T10:05:38Z,Pypi.org,eu-vat-rates-data 2026.3.26
2026-03-26T09:57:00Z,DW (English),EU votes in favor of migrant 'return hubs'
2026-03-26T09:57:00Z,DW (English),EU set to vote on migrant 'return hubs'
2026-03-26T09:35:53Z,Omny.fm,"US, Iran Argue Over Terms; Airline Fares Surge in Europe & Asia"
2026-03-26T09:05:03Z,Globalresearch.ca,EU Seeks Greater Agency But Remains Embedded Within U.S.-Dominated Security Architecture
2026-03-26T09:00:00Z,Europa.eu,Luis de Guindos: Navigating turbulence: challenges for Europe and the path ahead
2026-03-26T08:51:44Z,The Next Web,Arkadia Space raises €14.5M for green propulsion system
2026-03-26T08:45:34Z,CNBC,"Iran war is a 'catastrophe,' G7 ministers warn — but there's little they can do to stop it"
2026-03-26T08:23:00Z,DW (English),Smart sleepers could be the glow-up night trains need
2026-03-26T08:22:55Z,The Local Germany,How the 'right to repair' electronics will work in Germany
2026-03-26T07:56:41Z,BusinessLine,Mercosur steps up trade talks with India and United Arab Emirates
2026-03-26T07:54:15Z,The Next Web,"EU-Startups Summit returns to Malta in May with 2,500 attendees, and 80+ speakers"
2026-03-26T07:51:00Z,Sky.com,Three areas industry is warning government about due to Iran war
2026-03-26T07:50:00Z,Ing.dk,Crumbling foundations: Ukraine’s infrastructure issues go beyond wartime woes
2026-03-26T07:42:51Z,Globalsecurity.org,EDA chief meets Belgian Minister of Defence to strengthen EU cooperation
2026-03-26T07:42:51Z,Globalsecurity.org,"New military diplomacy training to upskill specialists in negotiation and languages, as part of new Defence Diplomacy Strategy"
2026-03-26T07:42:51Z,Globalsecurity.org,SAFE approvals unlock defence funding for Czechia and France
2026-03-26T07:42:25Z,Globalsecurity.org,Commission presents €115 million Programme for agile and rapid defence innovation (AGILE)
2026-03-26T07:42:25Z,Globalsecurity.org,Russia Hopes US Ground Operation on Kharg Island Will Not Take Place - MFA Spokeswoman
2026-03-26T07:42:25Z,Globalsecurity.org,Minister of National Defence R. Kaunas' commentary on the drones crashed in the Baltic states
2026-03-26T07:42:19Z,Globalsecurity.org,Security and Defence: The European Union and China hold their 15th consultations
2026-03-26T07:39:38Z,Financial Post,Germany Is Drafting Plan to Hit US Companies in Next Trump Clash
2026-03-26T07:16:05Z,BusinessLine,European lawmakers push WTO to review Israel’s most-favoured-nation status
2026-03-26T07:00:00Z,GlobeNewswire,2025 full year financial results
2026-03-26T07:00:00Z,The Irish Times,How Irish wool became cool: from Rathlin Island rope to JW Anderson’s Wicklow yarn
2026-03-26T06:56:47Z,Globalresearch.ca,"Iran, Trump and Strait of Hormuz – Who Is the “Bad Guy”?"
2026-03-26T06:50:09Z,Globalresearch.ca,EU Accuses Hungary of ‘Pro-Russian Espionage’
2026-03-26T06:34:40Z,ABC News (AU),"Fuel dominates politics, Hanson questioned over flights"
2026-03-26T06:21:00Z,GlobeNewswire,CSG Full Year 2025 Results Statement
2026-03-26T06:01:00Z,PR Newswire UK,Norgine announces Swissmedic approval of PEDMARQSI® for the prevention of cisplatin induced hearing loss in children
2026-03-26T05:47:13Z,Financial Post,Britain to Intercept Russian ‘Shadow Fleet’ Ships in UK Waters
2026-03-26T05:38:17Z,Freerepublic.com,UN designates slave trade as ‘gravest crime against humanity’ despite US opposition
2026-03-26T05:30:00Z,POLITICO.eu,The next refugee crisis
2026-03-26T05:21:57Z,Financial Post,Invivoscribe® Expands IVDR Portfolio with IdentiClone® Dx IGH Assay Certification
2026-03-26T05:21:13Z,NPR,UN calls for reparations to remedy the 'historical wrongs' of trafficking enslaved Africans
2026-03-26T05:15:05Z,Insurance Journal,"High Levels of Cancer-Causing Benzene in European Cooking Gas, Study Finds"
2026-03-26T05:06:00Z,The Irish Times,‘You should freak out’: Brussels grapples with warnings from the AI frontier
2026-03-26T03:29:59Z,BusinessLine,"Thyssenkrupp, Jindal Steel sale talks falter on pension, energy costs, sources say"
2026-03-26T03:00:00Z,POLITICO.eu,"Sudan’s war nears Syria-style refugee tipping point, UN migration agency says"
2026-03-26T02:55:42Z,The Daily Caller,DAVID BLACKMON: EU Must Ratify Trump’s Turnberry Deal Or Forfeit First Call On US LNG
2026-03-26T01:24:00Z,DW (English),UN recognizes slave trade as gravest crime against humanity
2026-03-26T01:24:00Z,DW (English),UN recognizes slave trade as gravest crime against humanity
2026-03-26T00:04:35Z,CNBC,Inside India newsletter: Ikea has high hopes for the country as it stares at a global slowdown
2026-03-26T00:00:00Z,Activistpost.com,10 Studies Detail Health Risks of 5G
2026-03-25T23:30:23Z,pymnts.com,EU Auditor Calls for Reforms to Facilitate Cross-Border Services
2026-03-25T23:23:21Z,Freerepublic.com,https://www.pbs.org/newshour/world/un-calls-for-reparations-to-remedy-the-historical-wrongs-of-trafficking-enslaved-africans
2026-03-25T23:00:00Z,EURACTIV,On the European Parliament’s Vote on the EU-US Trade Deal: “The 15 Percent Tariff Cap Must be Maintained”
2026-03-25T22:09:47Z,The Irish Times,"Ireland’s neutrality a ‘difficult path’ to follow, senior official says"
2026-03-25T22:00:00Z,Activistpost.com,"The Political Left, Multiculturalism And The Dark Alliance With Islam"
2026-03-25T21:54:45Z,POLITICO.eu,Australia trade deal brings back Macron’s Mercosur nightmare
2026-03-25T21:29:21Z,Globalresearch.ca,EU militarizing by turning civilian factories into arms manufacturers
2026-03-25T21:15:35Z,TheJournal.ie,Government criticised for exempting Critical Infrastructure Bill from pre-legislative scrutiny
2026-03-25T20:45:20Z,Fortune,"It’s time for slavery reparations, ‘the gravest crime against humanity,’ UN General Assembly says"
2026-03-25T20:38:01Z,The Daily Caller,Tragic Story of 25-Year-Old Set To Be Killed Combines Two Worst Nightmares
2026-03-25T20:32:50Z,Afterdawn.com,Google: The feared Q-Day is now expected to happen in 2029
2026-03-25T20:31:07Z,New York Post,What I learned from Hungary’s Trump-loving conservative kids
2026-03-25T20:12:43Z,Boston Herald,Top central banker thinks businesses may be quicker to raise prices due to Iran war
2026-03-25T20:08:15Z,PBS,UN calls for reparations to remedy the historical wrongs of trafficking enslaved Africans
2026-03-25T20:00:00Z,OilPrice.com,Gas Crisis Dwarfs Oil Shock as LNG Supply Breaks
2026-03-25T19:52:09Z,The Times of India,ECB’s Christine Lagarde’s alert: Prices may rise faster than in 2022 due to Iran war
2026-03-25T19:50:16Z,The Conversation Africa,A crucial meeting aims to remake the WTO to fit the new global order
2026-03-25T19:47:57Z,Theeconomiccollapseblog.com,Is The World Ready For A Global Energy Catastrophe And A Global Food Catastrophe At The Same Time?
2026-03-25T19:41:29Z,The Irish Times,UN adopts resolution recognising transatlantic slave trade as ‘gravest crime ‌against humanity’
2026-03-25T19:38:43Z,WWD,"Ahead of Nike’s Q3 Report, Wall Street Is Pondering These 4 Big Concerns"
2026-03-25T19:11:55Z,Seclists.org,Re: FCC issues new rules about foreign made routers
2026-03-25T18:55:28Z,Al Jazeera English,UN passes resolution naming slave trade ‘gravest crime against humanity’
2026-03-25T18:49:39Z,RT,Europe to face fuel shortage – Shell CEO
2026-03-25T18:30:00Z,The Irish Times,"Public hearings of tax appeals would punish people for exercising their rights, tax industry says"
2026-03-25T18:18:22Z,TheJournal.ie,Mairead McGuinness has got a new gig promoting freedom of religion on behalf of the EU
2026-03-25T18:14:00Z,DW (English),Hungarian election: Will Europe's far-right help Orban win?
2026-03-25T18:00:00Z,Activistpost.com,The Global Energy Crisis & the Market Impact into 2028
2026-03-25T17:47:49Z,TheJournal.ie,Taoiseach was lobbied about Dublin Airport's passenger cap by US airlines in Washington
2026-03-25T17:44:00Z,Protothema.gr,New €115 million funding instrument from the Commission to develop new cutting-edge defence technologies in record time
2026-03-25T17:38:00Z,DW (English),Iran war boosts strategic significance of South Caucasus
2026-03-25T17:37:00Z,GlobeNewswire,Weekly share repurchase program transaction details
2026-03-25T17:21:03Z,Breitbart News,Nolte: Report Says Trump Will Decrease Gay and Immigrant Stories Told in … Europe
2026-03-25T17:20:31Z,Financial Post,Transaction in Own Shares
2026-03-25T17:18:00Z,GlobeNewswire,Transaction in Own Shares
2026-03-25T16:56:00Z,Amazon.com,Amazon Quick Now Available in the AWS Frankfurt Region
2026-03-25T16:47:00Z,Amazon.com,Amazon Quick Now Available in the AWS London Region
2026-03-25T16:44:36Z,CBC News,"In rare daytime drone blitz, Russia attacks western Ukrainian city largely spared from war's damage"
2026-03-25T16:40:52Z,BMWBLOG,"Tariffs May Have Cost BMW €1.4 Billion, Analyst Estimates After 2025 Report"
2026-03-25T16:36:00Z,Bankier.pl,BANK MILLENNIUM S.A.: Zgoda Komisji Nadzoru Finansowego na zaliczenie euroobligacji Additional Tier I do instrumentów dodatkowych w kapitale Tier I
2026-03-25T16:35:00Z,Bankier.pl,BANK MILLENNIUM S.A.: Zgoda Komisji Nadzoru Finansowego na zaliczenie euroobligacji Additional Tier I do instrumentów dodatkowych w kapitale Tier I
2026-03-25T16:30:00Z,GlobeNewswire,SANOMA CORPORATION: ACQUISITION OF OWN SHARES 25 March 2026
2026-03-25T16:12:44Z,The Irish Times,Holidaymakers could face higher air fares on oil surge
2026-03-25T16:08:00Z,DW (English),Germany's big climate move — bold step or bare minimum?
2026-03-26T11:16:58Z,RTE,EU probes Snapchat over suspected child protection flaws
2026-03-26T11:05:56Z,The Times of India,"Snapchat hit with EU probe into alleged failure to prevent child grooming, illegal goods sales"
2026-03-26T11:02:59Z,CNA,"Snapchat hit with EU probe into alleged failure to prevent child grooming, illegal goods sales"
2026-03-26T11:00:14Z,Theregister.com,"Digital euro goes full sovereignty mode, US cloud giants not on guest list"
2026-03-26T10:49:22Z,Insurance Journal,Britain to Intercept Russian ‘Shadow Fleet’ Ships in UK Waters
2026-03-26T10:48:06Z,The Times of India,"Thyssenkrupp, Jindal steel sale talks falter on pension, energy costs, sources say"
2026-03-26T10:47:24Z,POLITICO.eu,EU Parliament backs US trade deal — with strings attached
2026-03-26T10:45:38Z,Breitbart News,"Nearly One Million Migrants in Mediterranean Route Hub Libya, U.N. Agency Reports"
2026-03-26T10:41:44Z,RTE,EU parliament advances US trade deal with safeguards
2026-03-26T10:33:44Z,Globalresearch.ca,Trump 2.0’s Plans for Global Dominance
2026-03-26T10:26:42Z,The Irish Times,"Next Dáil could have 185 TDs, Seanad told, as McDowell seeks referendum on numbers cap"
2026-03-26T10:10:52Z,The Next Web,"Uber, Pony.ai, and Rimac’s Verne announce Europe’s first commercial robotaxi service"
2026-03-26T10:05:38Z,Pypi.org,eu-vat-rates-data 2026.3.26
2026-03-26T09:57:00Z,DW (English),EU votes in favor of migrant 'return hubs'
2026-03-26T09:57:00Z,DW (English),EU set to vote on migrant 'return hubs'
2026-03-26T09:35:53Z,Omny.fm,"US, Iran Argue Over Terms; Airline Fares Surge in Europe & Asia"
2026-03-26T09:05:03Z,Globalresearch.ca,EU Seeks Greater Agency But Remains Embedded Within U.S.-Dominated Security Architecture
2026-03-26T09:00:00Z,Europa.eu,Luis de Guindos: Navigating turbulence: challenges for Europe and the path ahead
2026-03-26T08:51:44Z,The Next Web,Arkadia Space raises €14.5M for green propulsion system
2026-03-26T08:45:34Z,CNBC,"Iran war is a 'catastrophe,' G7 ministers warn — but there's little they can do to stop it"
2026-03-26T08:23:00Z,DW (English),Smart sleepers could be the glow-up night trains need
2026-03-26T08:22:55Z,The Local Germany,How the 'right to repair' electronics will work in Germany
2026-03-26T07:56:41Z,BusinessLine,Mercosur steps up trade talks with India and United Arab Emirates
2026-03-26T07:54:15Z,The Next Web,"EU-Startups Summit returns to Malta in May with 2,500 attendees, and 80+ speakers"
2026-03-26T07:51:00Z,Sky.com,Three areas industry is warning government about due to Iran war
2026-03-26T07:50:00Z,Ing.dk,Crumbling foundations: Ukraine’s infrastructure issues go beyond wartime woes
2026-03-26T07:42:51Z,Globalsecurity.org,EDA chief meets Belgian Minister of Defence to strengthen EU cooperation
2026-03-26T07:42:51Z,Globalsecurity.org,"New military diplomacy training to upskill specialists in negotiation and languages, as part of new Defence Diplomacy Strategy"
2026-03-26T07:42:51Z,Globalsecurity.org,SAFE approvals unlock defence funding for Czechia and France
2026-03-26T07:42:25Z,Globalsecurity.org,Commission presents €115 million Programme for agile and rapid defence innovation (AGILE)
2026-03-26T07:42:25Z,Globalsecurity.org,Russia Hopes US Ground Operation on Kharg Island Will Not Take Place - MFA Spokeswoman
2026-03-26T07:42:25Z,Globalsecurity.org,Minister of National Defence R. Kaunas' commentary on the drones crashed in the Baltic states
2026-03-26T07:42:19Z,Globalsecurity.org,Security and Defence: The European Union and China hold their 15th consultations
2026-03-26T07:39:38Z,Financial Post,Germany Is Drafting Plan to Hit US Companies in Next Trump Clash
2026-03-26T07:16:05Z,BusinessLine,European lawmakers push WTO to review Israel’s most-favoured-nation status
2026-03-26T07:00:00Z,GlobeNewswire,2025 full year financial results
2026-03-26T07:00:00Z,The Irish Times,How Irish wool became cool: from Rathlin Island rope to JW Anderson’s Wicklow yarn
2026-03-26T06:56:47Z,Globalresearch.ca,"Iran, Trump and Strait of Hormuz – Who Is the “Bad Guy”?"
2026-03-26T06:50:09Z,Globalresearch.ca,EU Accuses Hungary of ‘Pro-Russian Espionage’
2026-03-26T06:34:40Z,ABC News (AU),"Fuel dominates politics, Hanson questioned over flights"
2026-03-26T06:21:00Z,GlobeNewswire,CSG Full Year 2025 Results Statement
2026-03-26T06:01:00Z,PR Newswire UK,Norgine announces Swissmedic approval of PEDMARQSI® for the prevention of cisplatin induced hearing loss in children
2026-03-26T05:47:13Z,Financial Post,Britain to Intercept Russian ‘Shadow Fleet’ Ships in UK Waters
2026-03-26T05:38:17Z,Freerepublic.com,UN designates slave trade as ‘gravest crime against humanity’ despite US opposition
2026-03-26T05:30:00Z,POLITICO.eu,The next refugee crisis
2026-03-26T05:21:57Z,Financial Post,Invivoscribe® Expands IVDR Portfolio with IdentiClone® Dx IGH Assay Certification
2026-03-26T05:21:13Z,NPR,UN calls for reparations to remedy the 'historical wrongs' of trafficking enslaved Africans
2026-03-26T05:15:05Z,Insurance Journal,"High Levels of Cancer-Causing Benzene in European Cooking Gas, Study Finds"
2026-03-26T05:06:00Z,The Irish Times,‘You should freak out’: Brussels grapples with warnings from the AI frontier
2026-03-26T03:29:59Z,BusinessLine,"Thyssenkrupp, Jindal Steel sale talks falter on pension, energy costs, sources say"
2026-03-26T03:00:00Z,POLITICO.eu,"Sudan’s war nears Syria-style refugee tipping point, UN migration agency says"
2026-03-26T02:55:42Z,The Daily Caller,DAVID BLACKMON: EU Must Ratify Trump’s Turnberry Deal Or Forfeit First Call On US LNG
2026-03-26T01:24:00Z,DW (English),UN recognizes slave trade as gravest crime against humanity
2026-03-26T01:24:00Z,DW (English),UN recognizes slave trade as gravest crime against humanity
2026-03-26T00:04:35Z,CNBC,Inside India newsletter: Ikea has high hopes for the country as it stares at a global slowdown
2026-03-26T00:00:00Z,Activistpost.com,10 Studies Detail Health Risks of 5G
2026-03-25T23:30:23Z,pymnts.com,EU Auditor Calls for Reforms to Facilitate Cross-Border Services
2026-03-25T23:23:21Z,Freerepublic.com,https://www.pbs.org/newshour/world/un-calls-for-reparations-to-remedy-the-historical-wrongs-of-trafficking-enslaved-africans
2026-03-25T23:00:00Z,EURACTIV,On the European Parliament’s Vote on the EU-US Trade Deal: “The 15 Percent Tariff Cap Must be Maintained”
2026-03-25T22:09:47Z,The Irish Times,"Ireland’s neutrality a ‘difficult path’ to follow, senior official says"
2026-03-25T22:00:00Z,Activistpost.com,"The Political Left, Multiculturalism And The Dark Alliance With Islam"
2026-03-25T21:54:45Z,POLITICO.eu,Australia trade deal brings back Macron’s Mercosur nightmare
2026-03-25T21:29:21Z,Globalresearch.ca,EU militarizing by turning civilian factories into arms manufacturers
2026-03-25T21:15:35Z,TheJournal.ie,Government criticised for exempting Critical Infrastructure Bill from pre-legislative scrutiny
2026-03-25T20:45:20Z,Fortune,"It’s time for slavery reparations, ‘the gravest crime against humanity,’ UN General Assembly says"
2026-03-25T20:38:01Z,The Daily Caller,Tragic Story of 25-Year-Old Set To Be Killed Combines Two Worst Nightmares
2026-03-25T20:32:50Z,Afterdawn.com,Google: The feared Q-Day is now expected to happen in 2029
2026-03-25T20:31:07Z,New York Post,What I learned from Hungary’s Trump-loving conservative kids
2026-03-25T20:12:43Z,Boston Herald,Top central banker thinks businesses may be quicker to raise prices due to Iran war
2026-03-25T20:08:15Z,PBS,UN calls for reparations to remedy the historical wrongs of trafficking enslaved Africans
2026-03-25T20:00:00Z,OilPrice.com,Gas Crisis Dwarfs Oil Shock as LNG Supply Breaks
2026-03-25T19:52:09Z,The Times of India,ECB’s Christine Lagarde’s alert: Prices may rise faster than in 2022 due to Iran war
2026-03-25T19:50:16Z,The Conversation Africa,A crucial meeting aims to remake the WTO to fit the new global order
2026-03-25T19:47:57Z,Theeconomiccollapseblog.com,Is The World Ready For A Global Energy Catastrophe And A Global Food Catastrophe At The Same Time?
2026-03-25T19:41:29Z,The Irish Times,UN adopts resolution recognising transatlantic slave trade as ‘gravest crime ‌against humanity’
2026-03-25T19:38:43Z,WWD,"Ahead of Nike’s Q3 Report, Wall Street Is Pondering These 4 Big Concerns"
2026-03-25T19:11:55Z,Seclists.org,Re: FCC issues new rules about foreign made routers
2026-03-25T18:55:28Z,Al Jazeera English,UN passes resolution naming slave trade ‘gravest crime against humanity’
2026-03-25T18:49:39Z,RT,Europe to face fuel shortage – Shell CEO
2026-03-25T18:30:00Z,The Irish Times,"Public hearings of tax appeals would punish people for exercising their rights, tax industry says"
2026-03-25T18:18:22Z,TheJournal.ie,Mairead McGuinness has got a new gig promoting freedom of religion on behalf of the EU
2026-03-25T18:14:00Z,DW (English),Hungarian election: Will Europe's far-right help Orban win?
2026-03-25T18:00:00Z,Activistpost.com,The Global Energy Crisis & the Market Impact into 2028
2026-03-25T17:47:49Z,TheJournal.ie,Taoiseach was lobbied about Dublin Airport's passenger cap by US airlines in Washington
2026-03-25T17:44:00Z,Protothema.gr,New €115 million funding instrument from the Commission to develop new cutting-edge defence technologies in record time
2026-03-25T17:38:00Z,DW (English),Iran war boosts strategic significance of South Caucasus
2026-03-25T17:37:00Z,GlobeNewswire,Weekly share repurchase program transaction details
2026-03-25T17:21:03Z,Breitbart News,Nolte: Report Says Trump Will Decrease Gay and Immigrant Stories Told in … Europe
2026-03-25T17:20:31Z,Financial Post,Transaction in Own Shares
2026-03-25T17:18:00Z,GlobeNewswire,Transaction in Own Shares
2026-03-25T16:56:00Z,Amazon.com,Amazon Quick Now Available in the AWS Frankfurt Region
2026-03-25T16:47:00Z,Amazon.com,Amazon Quick Now Available in the AWS London Region
2026-03-25T16:44:36Z,CBC News,"In rare daytime drone blitz, Russia attacks western Ukrainian city largely spared from war's damage"
2026-03-25T16:40:52Z,BMWBLOG,"Tariffs May Have Cost BMW €1.4 Billion, Analyst Estimates After 2025 Report"
2026-03-25T16:36:00Z,Bankier.pl,BANK MILLENNIUM S.A.: Zgoda Komisji Nadzoru Finansowego na zaliczenie euroobligacji Additional Tier I do instrumentów dodatkowych w kapitale Tier I
2026-03-25T16:35:00Z,Bankier.pl,BANK MILLENNIUM S.A.: Zgoda Komisji Nadzoru Finansowego na zaliczenie euroobligacji Additional Tier I do instrumentów dodatkowych w kapitale Tier I
2026-03-25T16:30:00Z,GlobeNewswire,SANOMA CORPORATION: ACQUISITION OF OWN SHARES 25 March 2026
2026-03-25T16:12:44Z,The Irish Times,Holidaymakers could face higher air fares on oil surge
