2026-03-17 09:30:00,Wired,Should You Leave Your Phone Charging Overnight?,https://www.wired.com/story/should-you-leave-your-phone-charging-overnight/
2026-03-10 05:00:00,Wired,Yann LeCun Raises $1 Billion to Build AI That Understands the Physical World,https://www.wired.com/story/yann-lecun-raises-dollar1-billion-to-build-ai-that-understands-the-physical-world/
2026-03-21 09:30:00,Wired,How BYD Got EV Chargers to Work Almost as Fast as Gas Pumps,https://www.wired.com/story/how-byds-ev-charger-got-even-faster-and-it-might-not-matter-as-much-as-you-think/
2026-03-26 09:04:00,Wired,Saatva HD Mattress Review: A Solution for Heavy-Bodied Sleepers,https://www.wired.com/review/saatva-hd-mattress/
2026-03-11 08:00:00,Wired,Technology Is Reshaping Sleep Apnea Treatment,https://www.wired.com/story/sleep-apnea-treatment-tech/
2026-03-20 22:03:09,Wired,There Aren't a Lot of Reasons to Get Excited About a New Amazon Smartphone,https://www.wired.com/story/amazon-smartphone-rumor-2026/
2026-03-13 11:16:12,The Verge,Apple reduces App Store fees in China to ward off regulators,https://www.theverge.com/tech/894306/apple-app-store-fees-china-reduced-antitrust
2026-03-25 18:02:32,The Verge,TikTok’s policy for AI ads isn’t working,https://www.theverge.com/ai-artificial-intelligence/900400/tiktok-ai-ads-labels-samsung-disclosure
2026-03-25 19:03:04,The Verge,Uber aims to launch Europe’s first robotaxi service with Pony AI and Verne,https://www.theverge.com/transportation/900656/uber-pony-ai-verne-robotaxi-europe
2026-03-17 11:45:09,The Verge,Oppo’s nearly creaseless foldable isn’t launching in Europe after all,https://www.theverge.com/tech/895859/oppo-find-n6-launch-release-markets-specs-battery
2026-03-11 16:02:29,The Verge,Alternative app store AltStore PAL is joining the fediverse,https://www.theverge.com/tech/893085/altstore-pal-alternative-app-store-fediverse
2026-03-23 13:13:49,The Verge,Confronting the CEO of the AI company that impersonated me,https://www.theverge.com/podcast/898715/superhuman-grammarly-expert-review-shishir-mehrotra-interview-ai-impersonation
2026-03-19 12:27:23,The Verge,Fitbit’s AI health coach will soon be able to read your medical records,https://www.theverge.com/ai-artificial-intelligence/897250/fitbits-ai-health-coach-reads-medical-records
2026-03-09 14:02:09,The Verge,Hasbro’s CEO has an AI Peppa Pig help design toys,https://www.theverge.com/podcast/890703/hasbro-toys-games-magic-exodus-ai-tariffs
2026-03-27 19:44:05,The Verge,"Wait, the Trump phone might actually exist",https://www.theverge.com/tech/902399/trump-phone-mobile-t1-fcc-certification-authorization
2026-03-24 11:45:15,The Verge,Nintendo cuts Switch 2 production amid weakening console sales,https://www.theverge.com/games/899291/nintendo-switch-2-production-cut-weak-us-sales
2026-03-18 21:40:31,The Verge,Uber to invest $1.25 billion in Rivian as part of new robotaxi deal,https://www.theverge.com/transportation/897105/uber-rivian-robotaxi-investment-deal
2026-03-27 12:34:01,The Verge,Sony is raising PS5 prices by $100 in April,https://www.theverge.com/games/902224/sony-ps5-playstation-price-hike
2026-03-16 21:51:23,The Verge,Teens sue Elon Musk’s xAI over Grok’s AI-generated CSAM,https://www.theverge.com/ai-artificial-intelligence/895639/xai-grok-teens-lawsuit-grok-ai-elon-musk
2026-03-18 13:00:41,The Verge,"The great EV pullback: all the obstacles, cancellations, and delays",https://www.theverge.com/transportation/896559/ev-cancellation-delay-hybrid-china
2026-03-13 20:15:17,Gizmodo.com,‘The Mandalorian and Grogu’ Might Bring Another EU Villain Back to Canon,https://gizmodo.com/mandalorian-and-grogu-warlord-name-zsinj-star-wars-2000733380
2026-03-19 19:30:17,Gizmodo.com,"Higher Oil Prices From Trump’s Iran War Risk Killing the AI Boom, WTO Says",https://gizmodo.com/higher-oil-prices-from-trumps-iran-war-risk-killing-the-ai-boom-wto-says-2000735678
2026-03-12 09:30:48,Gizmodo.com,"AI Chatbots Are Mostly Helpful When Planning Public Acts of Violence, Report Finds",https://gizmodo.com/ai-chatbots-are-mostly-helpful-when-planning-public-acts-of-violence-report-finds-2000732200
2026-03-26 14:10:54,Gizmodo.com,"DJI Now Has a Cheaper 360 Drone Than Insta360, but the U.S. Won’t Get It",https://gizmodo.com/dji-now-has-a-cheaper-360-drone-than-insta360-but-the-u-s-wont-get-it-2000738454
2026-03-20 20:35:46,Gizmodo.com,Solar-Eclipsing Probe Back From the Dead After a Month of Silence,https://gizmodo.com/solar-eclipsing-probe-back-from-the-dead-after-a-month-of-silence-2000736236
2026-03-12 20:05:30,Gizmodo.com,"Your Corporate Jargon–Loving Coworker Might Actually Be as Stupid as You Think, Study Shows",https://gizmodo.com/your-corporate-jargon-loving-coworker-might-actually-be-as-stupid-as-you-think-study-shows-2000732901
2026-03-17 18:40:09,Gizmodo.com,Trump Advisor Says Pain for U.S. Consumers ‘Last of Our Concerns’ as Other Countries Start Gas Rationing,https://gizmodo.com/trump-advisor-says-pain-for-u-s-consumers-last-of-our-concerns-as-other-countries-start-gas-rationing-2000734625
2026-03-25 16:00:44,Gizmodo.com,The US Has Already Caused $10 Trillion in Climate Damages—and the Math Gets Worse,https://gizmodo.com/the-us-has-already-caused-10-trillion-in-climate-damages-and-the-math-gets-worse-2000737560
2026-03-26 19:35:21,Gizmodo.com,Astronomers Say Recent Rash of Meteor Sightings ‘Warrants Serious Investigation’,https://gizmodo.com/astronomers-say-recent-rash-of-meteor-sightings-warrants-serious-investigation-2000738638
2026-03-11 16:40:53,Gizmodo.com,A Pill for Sleep Apnea? Clinical Trial Yields Promising Results,https://gizmodo.com/a-pill-for-sleep-apnea-clinical-trial-yields-promising-results-2000732380
2026-03-12 17:30:51,Gizmodo.com,Rocket Companies Win as Feds Retreat on Orbital Debris Crackdown,https://gizmodo.com/rocket-companies-win-as-feds-retreat-on-orbital-debris-crackdown-2000732834
2026-03-12 09:00:16,Gizmodo.com,Google Invests $1 Million in Company That Makes AI YouTube Videos for Kids,https://gizmodo.com/google-invests-1-million-in-company-that-makes-ai-youtube-videos-for-kids-2000732685
2026-03-11 13:10:33,Gizmodo.com,New Niantic Partnership Helps Food Delivery Bots ‘Pokémon Go’ Get Your Treats,https://gizmodo.com/niantic-partnership-food-delivery-bots-use-pokemon-go-data-2000732212
2026-03-17 13:15:08,Gizmodo.com,A Clever Software Patch Gave This Ice Satellite a Wild New Trick,https://gizmodo.com/a-clever-software-patch-gave-this-ice-satellite-a-wild-new-trick-2000734135
2026-03-18 23:45:37,BBC News,Sadiq Khan says Labour should pledge to rejoin EU,https://www.bbc.com/news/articles/c62g2e08jpno
2026-03-16 15:12:25,BBC News,Wary allies show there's no quick fix to Trump's Iran crisis,https://www.bbc.com/news/articles/c8r17plnvy3o
2026-03-27 05:59:20,BBC News,How Russia's threat forced Germany to radically rethink its military,https://www.bbc.com/news/articles/cvge7r31989o
2026-03-17 20:39:00,BBC News,Starmer Turns His Attention To Ukraine (Or Tries To),https://www.bbc.co.uk/sounds/play/p0n6gzdj
2026-03-18 11:01:43,BBC News,US judge orders Trump administration to reopen Voice of America,https://www.bbc.com/news/articles/ce3g3j1y2ldo
2026-03-09 23:24:03,BBC News,Is there a right time for a Panenka - as Brentford pay the price?,https://www.bbc.com/sport/football/articles/c62d1nyvqr3o
2026-03-23 15:28:07,BBC News,Community Shield moved to Cardiff for Weeknd gigs,https://www.bbc.com/sport/football/articles/ckge06z463lo
2026-03-14 11:59:20,BBC News,Carrick is doing an excellent job - Ratcliffe,https://www.bbc.com/sport/football/articles/cm2x4z79zvko
2026-03-19 12:29:08,BBC News,Former England U19 captain Vale in Republic of Ireland squad,https://www.bbc.com/sport/football/articles/c30r33rlv76o
2026-03-25 20:18:00,BBC News,The US-Iran Briefing Wars,https://www.bbc.co.uk/sounds/play/p0n6h180
2026-03-20 00:06:48,BBC News,Villa's maybe men edge closer to finishing the job,https://www.bbc.com/sport/football/articles/c8jkl09407ko
2026-03-11 06:44:16,BBC News,UK ticket holder wins £181m EuroMillions jackpot,https://www.bbc.com/news/articles/c743gk3gdljo
2026-03-21 06:55:49,BBC News,The indoor evolution threatening to outstrip outdoor golf,https://www.bbc.com/sport/golf/articles/cz9qj7j382xo
2026-03-17 23:52:37,BBC News,Real Madrid defeat leaves Man City with season-defining run,https://www.bbc.com/sport/football/articles/c3636e11y2yo
2026-03-09 13:17:11,BBC News,Emergency oil reserves could be tapped - but few would bet on prices falling,https://www.bbc.com/news/articles/cz7g5vv2gejo
2026-03-16 21:04:00,BBC News,Can Starmer Keep Saying No To Trump?,https://www.bbc.co.uk/sounds/play/p0n6gyxt
2026-03-22 22:08:51,BBC News,Who has made Troy's Premier League team of the week?,https://www.bbc.com/sport/football/articles/c0krjkl3kn0o
2026-03-09 08:23:41,BBC News,Istanbul's ex-mayor to stand trial on corruption charges,https://www.bbc.com/news/articles/c204ymjnn80o
2026-03-12 13:42:44,BBC News,Sly fox sneaks onto cargo ship in Southampton and arrives in New York,https://www.bbc.com/news/articles/cly2xynjzdzo
2026-03-09 19:15:00,BBC News,Americanswers… on 5Live! Why is Trump’s White House comparing the war in Iran to a video game?,https://www.bbc.co.uk/sounds/play/p0n5lfk7
2026-03-17 23:15:26,BBC News,Zelensky calls for Trump and Starmer to meet and find common ground,https://www.bbc.com/news/articles/cp8r813x66jo
2026-03-25 23:52:36,BBC News,Man Utd refuse to give up Champions League dream,https://www.bbc.com/sport/football/articles/clyr7xxx01go
2026-03-14 10:12:00,Android Central,"Instagram says your chat privacy is going away, as its encryption vanishes soon",https://www.androidcentral.com/apps-software/meta/instagram-says-your-chat-privacy-is-going-away-as-its-encryption-vanishes-soon
2026-03-11 11:18:50,Android Central,Your Google Pixel has a new Transit mode: Here's how to use it,https://www.androidcentral.com/phones/google-pixel/google-pixel-has-a-new-transit-mode
2026-03-18 09:05:00,Android Central,Google's Gemini for Home is finally useful enough to not drive you crazy,https://www.androidcentral.com/apps-software/googles-gemini-for-home-is-finally-useful-enough-to-not-drive-you-crazy
2026-03-16 11:36:34,Android Central,The Fairphone 6 is getting Android 16 earlier than expected,https://www.androidcentral.com/phones/the-fairphone-6-is-getting-android-16-earlier-than-expected
2026-03-20 07:17:00,Android Central,Good news for Samsung fans: One UI 8.5 could land on Galaxy S24 and FE phones soon,https://www.androidcentral.com/phones/samsung-galaxy/one-ui-8-5-could-be-here-soon-for-galaxy-s24-and-fe-users
2026-03-24 18:50:27,Android Central,OPPO Find N6 vs. Samsung Galaxy Z Fold 7: We have a clear winner,https://www.androidcentral.com/phones/oppo-phones/oppo-find-n6-vs-samsung-galaxy-z-fold-7
2026-03-19 12:17:32,MacRumors,AppleCare One Subscription Could Soon Launch in EU Markets,https://www.macrumors.com/2026/03/19/applecare-one-european-rollout/
2026-03-23 10:13:36,MacRumors,AirDrop Support Rolling Out to Samsung Galaxy S26 Devices This Week,https://www.macrumors.com/2026/03/23/samsung-galaxy-s26-airdrop-support-rollout/
2026-03-25 00:18:40,CNET,The BlackBerry-Esque Smartphone With a Full Keyboard Just Launched on Kickstarter,https://www.cnet.com/tech/mobile/titan-2-elite-launched-kickstarter/
2026-03-11 14:00:00,CNET,VPN Prices Can Be Confusing. Here’s How to Cut Through the Fog and Find the True Cost of Your VPN,https://www.cnet.com/tech/services-and-software/how-to-find-the-true-cost-of-your-vpn/
2026-03-17 12:00:00,CNET,"I Love How Skinny Oppo's Foldable Phone Is, but I Hate That I Can't Buy It",https://www.cnet.com/tech/mobile/oppo-find-n6-foldable-review/
2026-03-16 12:00:37,CNET,iPhone 17E Review: The Appeal Is Magnetic (and Pink),https://www.cnet.com/tech/mobile/apple-iphone-17e-review/
2026-03-17 18:06:00,CNET,"Teen Girls Sue xAI, Alleging 'Devastating' Harm From Grok AI Child Porn",https://www.cnet.com/tech/services-and-software/grok-ai-deepfake-porn-teen-girls-lawsuit-march-2026/
2026-03-18 17:00:43,CNET,Champions League Soccer: Stream Tottenham vs. Atletico Madrid Live,https://www.cnet.com/tech/services-and-software/champions-league-soccer-stream-tottenham-vs-atletico-madrid-live/
2026-03-10 17:02:05,CNET,Champions League Playoff Soccer: Stream Newcastle vs. Barcelona Live From Anywhere,https://www.cnet.com/tech/services-and-software/champions-league-playoff-soccer-stream-newcastle-vs-barcelona-live-from-anywhere/
2026-03-27 20:07:29,CNET,Meta Gets Called Out by Its Own Oversight Board Over Expanding Community Notes,https://www.cnet.com/tech/services-and-software/meta-gets-called-out-by-its-own-oversight-board-over-expanding-community-notes/
2026-03-17 17:01:10,CNET,Champions League Playoff Soccer: Stream Chelsea vs. PSG Live,https://www.cnet.com/tech/services-and-software/champions-league-playoff-soccer-stream-chelsea-vs-psg-live/
2026-03-17 17:00:42,CNET,Champions League Playoff Soccer: Stream Man City vs. Real Madrid Live,https://www.cnet.com/tech/services-and-software/champions-league-playoff-soccer-stream-man-city-vs-real-madrid-live/
2026-03-17 16:50:16,Business Insider,What smart people in markets are saying about the potential for the SEC to scrap quarterly reporting requirements for companies,https://www.businessinsider.com/sec-quarterly-reporting-plan-earnings-stock-market-transparency-investors-2026-3
2026-03-20 15:53:49,MacRumors,MacBook Neo Charging Test: Here's Which Apple Charger is the Fastest,https://www.macrumors.com/2026/03/20/macbook-neo-charging-test/
2026-03-11 10:00:35,MacRumors,$599 MacBook Neo Available for Same-Day Pickup at Apple Stores,https://www.macrumors.com/2026/03/11/macbook-neo-same-day-pickup-apple-stores/
2026-03-18 12:14:38,MacRumors,Apple Sports App Lets You Follow NCAA March Madness in Real Time,https://www.macrumors.com/2026/03/18/apple-sports-app-updated-ncaa-march-madness/
2026-03-26 05:21:13,NPR,UN calls for reparations to remedy the 'historical wrongs' of trafficking enslaved Africans,https://www.npr.org/2026/03/26/nx-s1-5761896/un-reparations-slavery-africa
2026-03-11 14:24:18,NPR,Countries agree to historic release of stockpiled oil to ease the global shortage,https://www.npr.org/2026/03/11/nx-s1-5743816/iran-war-oil-reserves-iea
2026-03-24 05:43:51,NPR,UK police probe possible Iran link after Jewish charity ambulances set on fire,https://www.npr.org/2026/03/24/g-s1-114920/uk-police-probe-possible-iran-link-after-jewish-charity-ambulances-set-on-fire
2026-03-14 15:35:42,NPR,"Russian strike on Kyiv region kills 4 and wounds 15, with peace talks stalled",https://www.npr.org/2026/03/14/nx-s1-5747959/russian-strike-kyiv-region
2026-03-13 17:12:25,NPR,"How Italy became the darlings (and contenders, too) of the World Baseball Classic",https://www.npr.org/2026/03/13/nx-s1-5745919/world-baseball-classic-italy-espresso
2026-03-16 09:00:00,NPR,"As parents clamor for a treatment touted for autism, doctors hesitate to prescribe it",https://www.npr.org/2026/03/16/nx-s1-5742676/leucovorin-autism-parents-treatment-prescribe
2026-03-18 11:27:30,NPR,"The Fed to meet about interest rates. And, Sen. Mullin faces DHS confirmation hearing",https://www.npr.org/2026/03/18/g-s1-114267/up-first-newsletter-iran-israel-war-fed-rate-cuts-markwayne-mullin-kalshi-arizona
2026-03-22 13:25:30,NPR,Inside a rare lab that's blazing a bold trail as it hunts for new drugs,https://www.npr.org/2026/03/22/g-s1-114038/new-drugs-health-medicine-africa-tuberculosis-measles
2026-03-09 09:44:22,NPR,World shares tumble as Iran war pushes crude prices over $110 a barrel,https://www.npr.org/2026/03/09/nx-s1-5742307/world-shares-tumble-iran-war
2026-03-17 14:02:17,NPR,Geopolitics may test the World Cup — a new book draws lessons from the past,https://www.npr.org/2026/03/17/nx-s1-5750358/we-are-the-world-cup-book-review
2026-03-25 12:12:54,NPR,"Yep, a mom's COVID shot during pregnancy protects her baby, a large study finds",https://www.npr.org/2026/03/25/nx-s1-5759732/covid-vaccination-pregnancy-safety-efficacy
2026-03-16 09:00:00,NPR,Oil and gas prices are soaring. Some countries are ready with solar panels and EVs,https://www.npr.org/2026/03/16/nx-s1-5732984/energy-iran-war-solar-pakistan-crisis-renewable-evs
2026-03-20 05:59:55,NPR,Cuba readies for first Russian oil shipment of the year as energy crisis deepens,https://www.npr.org/2026/03/20/g-s1-114535/cuba-readies-for-first-russian-oil-shipment-of-the-year-as-energy-crisis-deepens
2026-03-19 15:37:32,NPR,'Movement never lies': 100 years of the Martha Graham Dance Company,https://www.npr.org/2026/03/19/nx-s1-5683079/martha-graham-dance-company-100-years-centennial
2026-03-18 23:00:00,Slashdot.org,"Cloudflare Appeals Piracy Shield Fine, Hopes To Kill Italy's Site-Blocking Law",https://yro.slashdot.org/story/26/03/18/2059236/cloudflare-appeals-piracy-shield-fine-hopes-to-kill-italys-site-blocking-law
2026-03-11 14:00:00,Slashdot.org,Meta To Charge Advertisers a Fee To Offset Europe's Digital Taxes,https://meta.slashdot.org/story/26/03/11/065230/meta-to-charge-advertisers-a-fee-to-offset-europes-digital-taxes
2026-03-15 22:51:00,Slashdot.org,2026's EV Sales Hit 1.1M - But Europe Surges While North America Slides,https://tech.slashdot.org/story/26/03/15/224224/2026s-ev-sales-hit-11m---but-europe-surges-while-north-america-slides
2026-03-14 19:34:00,Slashdot.org,"Should Keycaps Use Text or Glyphs for Delete, Return, Tab, Caps Lock, and Shift?",https://apple.slashdot.org/story/26/03/14/1818213/should-keycaps-use-text-or-glyphs-for-delete-return-tab-caps-lock-and-shift
2026-03-23 19:00:00,Slashdot.org,US Car Buyers Envy What They Cannot Have: Affordable Chinese EVs,https://tech.slashdot.org/story/26/03/23/1829217/us-car-buyers-envy-what-they-cannot-have-affordable-chinese-evs
2026-03-17 16:16:46,Business Insider,How a quarterly earnings shake-up could disrupt a sprawling white-collar ecosystem,https://www.businessinsider.com/quarterly-earnings-proposal-sec-accountants-lawyer-investor-relations-jobs-impact-2026-3
2026-03-25 17:26:23,Business Insider,I stayed in a Swiss village to save money while backpacking Europe for 2 weeks and found a hidden gem destination,https://www.businessinsider.com/roggwil-switzerland-hidden-gem-destination-backpacking-europe
2026-03-21 14:42:01,Business Insider,"My twins had never spent more than a night apart. When one went to Europe for 6 weeks, they barely spoke.",https://www.businessinsider.com/identical-twins-six-weeks-apart-barely-texted-2026-3
2026-03-25 16:01:01,Business Insider,How US Army soldiers in Europe are readying for a possible trench war with Russia,https://www.businessinsider.com/army-soldiers-training-trench-war-russia-2026-3
2026-03-10 04:02:54,Business Insider,"Ukraine says it's fought over 57,000 Shaheds. Now, the US and its allies are clamoring for help with the same battle.",https://www.businessinsider.com/ukraine-interceptor-drone-shaheds-filed-requests-us-allies-iran-war-2026-3
2026-03-16 00:29:01,Business Insider,I started going to raves alone at 35. I learned so much about myself by doing so.,https://www.businessinsider.com/i-thought-i-was-too-old-to-rave-at-35-2026-3
2026-03-21 11:39:01,Business Insider,My family moved from California to a small town in France. We can save money and work less to afford our lifestyle here.,https://www.businessinsider.com/moved-from-california-to-france-saving-money-working-less-2026-3
2026-03-11 22:45:18,Business Insider,NBCUniversal is planning to lay off dozens of employees as the African streamer Showmax shuts down,https://www.businessinsider.com/nbcuniversal-lays-off-employees-showmax-south-african-streamer-shuts-down-2026-3
2026-03-11 06:01:35,Business Insider,Inside the stadium where one of K-pop's biggest boy bands kicked off a new leg of their world tour,https://www.businessinsider.com/inside-seventeen-stadium-concert-singapore-2026-3
2026-03-18 17:39:50,Business Insider,"Ukraine says it can arm allies with 1,000 anti-Shahed interceptors a day, maybe more, if it gets more investment",https://www.businessinsider.com/ukraine-says-can-supply-interceptors-allies-stop-drone-attacks-investment-2026-3
2026-03-23 17:15:40,Business Insider,"The US Navy's most advanced aircraft carrier has pulled into port after months at sea facing combat, fire, and plumbing problems",https://www.businessinsider.com/us-navy-most-advanced-aircraft-carrier-long-deployment-port-2026-3
2026-03-24 04:04:53,Business Insider,"Laura Dern, 59, says getting older changed what she finds 'sexy'",https://www.businessinsider.com/laura-dern-aging-confidence-sexuality-hollywood-beauty-standards-2026-3
2026-03-15 11:48:01,Business Insider,"He didn't want to move away from his friends, so he built them an apartment building. Now, they all own it.",https://www.businessinsider.com/co-housing-man-builds-apartment-complex-for-family-friends-2026-3
2026-03-14 09:48:01,Business Insider,My wife and I built a tiny home in our 60s. The downsides are worth it to live mortgage-free.,https://www.businessinsider.com/couple-60s-built-tiny-home-mortgage-free-pros-cons-2026-2
2026-03-13 05:35:13,Business Insider,Iran's Shahed war is turning into a booming business for the world's small drone manufacturers,https://www.businessinsider.com/iran-shahed-drone-interceptor-booming-business-manufacturers-middle-east-t2026-3
2026-03-19 17:34:10,Business Insider,Top economist Steve Hanke says Iran is channeling Muhammad Ali — and could deal a 'knockout blow' to the US,https://www.businessinsider.com/oil-prices-crude-lng-iran-brent-steve-hanke-ali-hormuz-2026-3
2026-03-18 18:30:18,Business Insider,These 20 airports don't use TSA screeners and are avoiding the travel chaos,https://www.businessinsider.com/these-20-airports-dont-use-tsa-screeners-2026-3
2026-03-10 10:03:01,Business Insider,"Dubai's status as a global hub is at risk, as the Iran conflict is already disrupting travel beyond the Middle East",https://www.businessinsider.com/dubai-safe-travel-hub-airan-war-fuel-prices-route-changes-2026-3
2026-03-26 09:07:01,Business Insider,The US military is pushing up production for the weapons that could matter most in a major war,https://www.businessinsider.com/us-ramping-up-production-of-weapons-critical-for-major-war-2026-3
2026-03-27 12:28:01,Business Insider,"Wedding trends that are in and out for 2026, according to wedding planners",https://www.businessinsider.com/popular-wedding-trends-colors-dresses-2026-3
2026-03-26 09:30:01,Business Insider,"Total air defense is effectively impossible. In a major war, the West may have to make hard choices.",https://www.businessinsider.com/new-threats-air-defense-challenges-force-hard-choices-2026-3
2026-03-27 10:11:01,Business Insider,"Abercrombie & Fitch ex-CEO is fit for sex trafficking trial— and he's funny, too, prison doctor tells judge",https://www.businessinsider.com/prison-doctor-testifies-ex-abercrombie-ceo-mike-jeffries-mentally-fit-2026-3
2026-03-09 08:27:01,Business Insider,"17 creator-economy startups to watch in 2026, according to VCs",https://www.businessinsider.com/creator-economy-ai-startups-to-watch-according-vc-investors-2026-3
2026-03-12 09:37:01,Business Insider,"Watch out, prediction markets. The 'super apps' are coming.",https://www.businessinsider.com/next-summit-prediction-markets-super-apps-2026-3
2026-03-16 00:00:01,Business Insider,A Hilton GM who leads a 500-member team said he wants interviewees to do more of one thing,https://www.businessinsider.com/hilton-singapore-gm-michael-janssen-hospitality-interview-tips-2026-3
2026-03-17 13:35:56,Business Insider,Flying has turned into a fiasco,https://www.businessinsider.com/bi-today-newsletter-airtravel-difficult-tsa-2026-3
2026-03-16 17:02:24,Business Insider,One Ukrainian operation holds some of the most important lessons for the West as it readies for future drone wars,https://www.businessinsider.com/one-ukraine-operation-shows-drone-lessons-western-militaries-need-2026-3
2026-03-16 11:47:42,Business Insider,MAPPED: 65 planes were diverted as a drone strike caused flight chaos at Dubai Airport once again,https://www.businessinsider.com/dubai-airport-fire-65-flights-diverted-mapped-2026-3
2026-03-19 15:29:04,Business Insider,What smart people are saying about oil's latest spike to nearly $120 a barrel,https://www.businessinsider.com/oil-price-shock-iran-qatar-lng-gas-smart-people-krugman-2026-3
2026-03-26 18:58:47,Business Insider,I lived in Italy for 8 years. These 6 places in the US make me feel like I'm back in my favorite Italian cities.,https://www.businessinsider.com/us-cities-that-look-like-italy-dolomites-venice-tuscany-2026-3
2026-03-25 06:14:38,Business Insider,The Iran war could end up helping China's economy — despite the short-term pain,https://www.businessinsider.com/iran-war-china-economy-benefits-oil-renewables-petrodollar-2026-3
2026-03-11 14:26:44,Business Insider,"Flights to the Middle East have resumed, but travel chaos is nowhere near over",https://www.businessinsider.com/flight-chaos-iran-war-air-travel-ticket-price-cancellation-diversion-2026-3
2026-03-10 20:56:02,Business Insider,"Israeli president defends war with Iran, says targeted oil sites were 'not the oil reserves of the people'",https://www.businessinsider.com/israeli-president-interview-defends-war-targeting-iran-oil-sites-2026-3
2026-03-10 14:03:24,Business Insider,"Many rave about the gondola rides in Venice, but they paled in comparison to another water-based activity from our trip",https://www.businessinsider.com/rowing-lesson-venice-better-than-gondola-ride-family-italy-2026-3
2026-03-12 12:03:05,Business Insider,Oil spikes are pushing airlines to hike ticket prices. These carriers have already raised fares or canceled flights.,https://www.businessinsider.com/airlines-raise-prices-cancel-flights-due-to-fuel-costs-2026-3
2026-03-15 09:44:01,Business Insider,I'm representing Team USA in the Paralympics. It feels like the world is finally paying attention to us.,https://www.businessinsider.com/paralympian-career-change-nordic-skiing-2026-3
2026-03-18 19:01:01,Business Insider,"These are the world's best airports as rated by travelers. Asia dominates, but the US is nowhere to be seen.",https://www.businessinsider.com/worlds-best-airports-top-10-as-ranked-by-passengers-2026-3
2026-03-20 13:16:14,Business Insider,"An 80-year-old was scammed out of $285,000. His computer was accessed remotely, and his money turned into cryptocurrency.",https://www.businessinsider.com/senior-scammed-wants-schwab-repay-funds-prevented-the-fraud-2026-3
2026-03-23 09:30:01,Business Insider,"Abercrombie & Fitch ex-CEO has dementia and could 'blurt out' during sex trafficking trial, defense to argue this week",https://www.businessinsider.com/abercrombie-and-fitch-ceo-michael-jefferies-competency-hearing-sex-trafficking-2026-3
2026-03-25 19:24:20,Business Insider,March has been a brutal month for macro hedge funds — with one notable exception,https://www.businessinsider.com/bridgewater-flagship-avoided-significant-pain-march-macro-performance-2026-3
2026-03-24 04:01:01,Business Insider,Tech recruiters share what's happening to hiring in the Middle East: 'I've honestly never seen it this quiet',https://www.businessinsider.com/tech-recruiters-hiring-scene-middle-east-war-iran-dubai-expats-2026-3
2026-03-13 13:00:00,Smashingmagazine.com,Moving From Moment.js To The JS Temporal API,https://www.smashingmagazine.com/2026/03/moving-from-moment-to-temporal-api/
2026-03-18 15:30:00,Harvard Business Review,What It Takes to Execute a Successful Company Turnaround,https://hbr.org/podcast/2026/03/what-it-takes-to-execute-a-successful-company-turnaround
2026-03-20 14:45:39,Kotaku,Nintendo Could Be Forced To Shed One Of Its Biggest Anti-Consumer Practices,https://kotaku.com/nintendo-switch-2-replacement-battery-eu-right-to-repair-2000680608
2026-03-10 14:25:58,Kotaku,Fortnite Raising V-Buck Prices And Cutting Back Bonus Rewards ‘To Help Pay The Bills’,https://kotaku.com/fortnite-raising-v-buck-prices-and-cutting-back-bonus-rewards-to-help-pay-the-bills-2000677532
2026-03-17 16:18:13,Kotaku,Hunting Nazis Makes For Very Satisfying Detective Work In The Ratline,https://kotaku.com/the-ratline-hunt-nazis-owlskip-indie-of-the-week-pc-steam-2000679595
2026-03-13 15:13:46,Kotaku,Indie Game All Will Rise Is Returning Microsoft’s Funding In Support Of ‘No Games For Genocide’ Boycott,https://kotaku.com/all-will-rise-game-indie-microsoft-xbox-no-games-for-genocide-boycott-israel-palestine-2000678654
2026-03-14 18:35:04,Kotaku,Unremarkable Medieval Action Sim 1348 Ex Voto Gets Hit With Absurd Conspiracy Over Italian Tax Relief Funds,https://kotaku.com/1348-ex-voto-lgbtq-propaganda-tax-credits-steam-reviews-2000678922
2026-03-24 20:28:39,Kotaku,Union Blasts Greedfall 2 Publisher Over Studio Bankruptcies: ‘Years Of Mismanagement And Strategic Nothingness’,https://kotaku.com/union-blasts-greedfall-2-publisher-over-studio-bankruptcies-years-of-mismanagement-and-strategic-nothingness-2000681513
2026-03-14 14:30:07,Kotaku,Meet The Guy Who’s Saving The Super Nintendo’s Infamously Inferior Version Of Doom,https://kotaku.com/doom-snes-id-shooter-original-limited-run-2000678756
2026-03-18 19:58:59,Kotaku,Resident Evil Dev Knows You’re Dying To Find Out Who Leon Married,https://kotaku.com/resident-evil-requiem-leon-married-wedding-ring-ada-claire-2000680062
2026-03-23 19:29:12,Kotaku,How To Collect Pokémon Cards In 2026 Without Spending A Fortune,https://kotaku.com/pokemon-tcg-collection-collecting-cheap-trading-2000681059
2026-03-16 16:20:34,Kotaku,Get Ready For A Big Info Dump On The Future Of Starfield,https://kotaku.com/starfield-2-0-ps5-update-bethesda-preview-2000679082
2026-03-17 11:30:42,Kotaku,Your Switch 2 Just Received A Massive Upgrade For Playing Switch 1 Games,https://kotaku.com/your-switch-2-just-received-a-massive-upgrade-handheld-boost-mode-2000679515
2026-03-22 13:44:05,Kotaku,Mario Kart Tour Now Rated 18+ In Some Places As Regulators Crack Down On In-Game Gambling,https://kotaku.com/mario-kart-tour-gambling-esrb-pegi-age-rating-2000680828
2026-03-24 12:25:08,Kotaku,Report: Nintendo Is Slashing Switch 2 Production By A Third After Poor U.S. Sales,https://kotaku.com/nintendo-switch-2-sales-holiday-mario-zelda-pokemon-2000681428
2026-03-27 12:11:47,Kotaku,PS5 Now Starts At $600 As Sony Calls Major Price Hikes ‘A Necessary Step’,https://kotaku.com/playstation-5-pro-ps5-portal-price-increase-april-2026-2000682609
2026-03-11 20:25:44,Kotaku,Former God Of War Writer Says Sex Mini-Games Were ‘Worked On By Women’ And Should Return In Remake,https://kotaku.com/former-god-of-war-writer-sex-mini-games-worked-on-by-women-should-return-remake-2000677987
2026-03-27 13:06:18,Kotaku,The Expanse: Osiris Reborn Devs Admit Generative AI Is Being Used But Claim Everything Is Still ‘100 Percent Human Made’,https://kotaku.com/expanse-osiris-genai-sci-fi-rpg-mass-effect-owlcat-2000682315
2026-03-18 15:35:37,Kotaku,Pirates Have A Field Day With Death Stranding 2 After It Accidentally Leaks Early On Steam,https://kotaku.com/death-stranding-2-steam-leak-piracy-pc-2000679952
2026-03-24 13:45:25,The Next Web,NeuReality taps former Google AI director to steer its inference operating system into the market,https://thenextweb.com/news/neureality-google-advisor-nr-nexus-inference
2026-03-17 11:27:14,The Next Web,Gecko Robotics lands $71M Navy deal to send wall-climbing robots inside warships,https://thenextweb.com/news/gecko-robotics-navy-contract-ship-digital-twins
2026-03-25 17:01:48,The Next Web,Pepper acquires YC-backed Alima to bring AI to food distribution’s messy product catalogues,https://thenextweb.com/news/pepper-acquires-alima-ai-food-distribution
2026-03-12 11:59:28,The Next Web,"Uber, Wayve, and Nissan are bringing robotaxis to Tokyo",https://thenextweb.com/news/uber-wayve-nissan-tokyo-robotaxi-pilot
2026-03-25 02:00:15,Hackaday,Testing Expensive Graphene-Reinforced Nylon Filament,https://hackaday.com/2026/03/24/testing-expensive-graphene-reinforced-nylon-filament/
2026-03-19 05:00:48,Hackaday,Teardown of a 2026 LEGO SMART Brick,https://hackaday.com/2026/03/18/teardown-of-a-2026-lego-smart-brick/
2026-03-18 17:15:15,Hackaday,"Hackaday Europe Tickets On Sale Now, CFP Extended",https://hackaday.com/2026/03/18/hackaday-europe-tickets-on-sale-now-cfp-extended/
2026-03-13 17:15:41,Hackaday,"Hackaday Podcast Episode 361: Hackaday Podcast Mailbag, A Phone is Not a Computer, 3D Printing History is New Again",https://hackaday.com/2026/03/13/hackaday-podcast-episode-361-hackaday-podcast-mailbag-a-phone-is-not-a-computer-3d-printing-history-is-new-again/
2026-03-20 17:00:04,Hackaday,"Hackaday Podcast Episode 362: Compression Molding, IPv4x, and Wired Headphones",https://hackaday.com/2026/03/20/hackaday-podcast-episode-362-compression-molding-ipv4x-and-wired-headphones/
2026-03-17 14:00:42,Hackaday,Fictional Moon: Reality TV and SciFi Don’t Mix,https://hackaday.com/2026/03/17/fictional-moon-reality-tv-and-scifi-dont-mix/
2026-03-09 08:00:34,Hackaday,Reverse-Engineering the Bluetooth Fichero Thermal Label Printer Protocol,https://hackaday.com/2026/03/09/reverse-engineering-the-bluetooth-fichero-thermal-label-printer-protocol/
2026-03-13 02:00:17,Hackaday,Replicating a Nuclear Event Detector For Fun and Probably Not Profit,https://hackaday.com/2026/03/12/replicating-a-nuclear-event-detector-for-fun-and-probably-not-profit/
2026-03-17 05:00:15,Hackaday,A Voltage Regulator Before Electronics,https://hackaday.com/2026/03/16/a-voltage-regulator-before-electronics/
2026-03-09 09:19:12,Yahoo Entertainment,"EU can no longer rely on 'rules-based' system against threats, von der Leyen says",https://consent.yahoo.com/v2/collectConsent?sessionId=1_cc-session_a8bacfd3-1808-4a65-907b-59ae538450fa
2026-03-19 01:06:01,Yahoo Entertainment,EU leaders to press Hungary's Orban to lift block on Ukraine loan,https://consent.yahoo.com/v2/collectConsent?sessionId=1_cc-session_d8665264-0f92-4c90-a772-21b71f5769b3
2026-03-17 16:24:04,Yahoo Entertainment,"Ukraine accepts EU offer to help restore Druzhba pipeline, repairs to take time",https://consent.yahoo.com/v2/collectConsent?sessionId=1_cc-session_b334e09c-3e67-46f3-8a43-f91b76e317fa
2026-03-18 05:43:38,Yahoo Entertainment,Irish premier defends Starmer and tells Donald Trump he can work with European leaders on Iran,https://consent.yahoo.com/v2/collectConsent?sessionId=1_cc-session_718eea74-670a-4d59-8406-636c988dbdc0
2026-03-20 19:37:31,Yahoo Entertainment,"As the US shifts missiles towards Iran, officials raise concerns of gaps in European air defenses",https://consent.yahoo.com/v2/collectConsent?sessionId=1_cc-session_556f53f7-0b0a-4630-a5de-a4c055dcf58d
2026-03-09 10:48:51,Yahoo Entertainment,European shares fall to over two-month lows as Iran war drags on,https://consent.yahoo.com/v2/collectConsent?sessionId=1_cc-session_38e7a4e2-5600-4e9d-9263-8ee318822bb8
2026-03-18 01:14:22,Yahoo Entertainment,Paraguay becomes final South American country to approve Mercosur-European Union trade deal,https://consent.yahoo.com/v2/collectConsent?sessionId=1_cc-session_4308c91a-c4e5-48ee-9c3d-2db59668e2e0
2026-03-19 09:03:37,Yahoo Entertainment,European activists deliver medical aid to Cuba amid US blockade,https://consent.yahoo.com/v2/collectConsent?sessionId=1_cc-session_5d4f2256-6bf5-428e-ba23-a27a3a8ff9c3
2026-03-10 05:03:10,Yahoo Entertainment,European freight truck makers brace for wave of low-cost Chinese rivals,https://consent.yahoo.com/v2/collectConsent?sessionId=1_cc-session_bda170aa-7fdc-401c-8d1a-b443cf3a60a3
2026-03-20 03:21:53,Yahoo Entertainment,"Joint statement on Strait of Hormuz by European nations, Japan, Canada",https://consent.yahoo.com/v2/collectConsent?sessionId=1_cc-session_23103f39-968e-4e17-8244-8ce170797e3c
2026-03-24 09:08:57,Yahoo Entertainment,"Europe dangerously unprepared for worsening wildfires, report says",https://consent.yahoo.com/v2/collectConsent?sessionId=1_cc-session_3a72defd-17bf-49d8-9374-814f50504572
2026-03-09 14:07:30,Yahoo Entertainment,"Ukraine has received 11 requests for help downing Iranian drones, Zelenskiy says",https://www.yahoo.com/news/articles/ukraine-received-11-requests-countering-125829811.html
2026-03-12 17:30:15,How-To Geek,Toyota’s redesigned hybrid SUV pushes efficiency and value further,https://www.howtogeek.com/toyota-redesigned-hybrid-suv-efficiency-value/
2026-03-09 23:00:00,Autoblog,The Most Reliable Full-Size Truck in America Isn't the Ford F-150,https://www.autoblog.com/features/the-most-reliable-full-size-truck-in-america-isnt-the-ford-f-150
2026-03-10 00:37:00,TheStreet,Costco issues urgent warning to shoppers,https://www.thestreet.com/retail/costco-issues-urgent-gas-prices-warning-to-shoppers
2026-03-09 09:32:25,Yahoo Entertainment,Oil price tops $100 a barrel as Iran war rattles commodity markets,https://uk.finance.yahoo.com/news/oil-prices-trump-iran-israel-gold-pound-dollar-093225057.html
2026-03-15 22:41:25,Yahoo Entertainment,Britain unveils jobs drive for young people to tackle high unemployment,https://uk.finance.yahoo.com/news/britain-unveils-jobs-drive-young-224125273.html
2026-03-09 09:32:25,Yahoo Entertainment,Oil price tops $100 a barrel as Iran war rattles commodity markets,https://uk.finance.yahoo.com/news/oil-prices-trump-iran-israel-gold-pound-dollar-093225057.html
2026-03-09 00:45:00,Yahoo Entertainment,Authorities uncover illegal operation deep in forest: 'They will bear the … consequences',https://www.yahoo.com/news/articles/authorities-uncover-illegal-operation-deep-004500775.html
2026-03-12 17:30:15,How-To Geek,Toyota’s redesigned hybrid SUV pushes efficiency and value further,https://www.howtogeek.com/toyota-redesigned-hybrid-suv-efficiency-value/
2026-03-26 06:52:53,Yahoo Entertainment,"US links security guarantees to Ukraine giving up Donbas, Zelenskiy says",https://uk.news.yahoo.com/exclusive-us-links-security-guarantees-182441214.html
2026-03-22 11:09:48,Yahoo Entertainment,China pledges more balanced trade and further opening of the economy after record surplus,https://finance.yahoo.com/economy/policy/articles/china-pledges-more-balanced-trade-110948847.html
2026-03-22 07:02:18,Yahoo Entertainment,The 10 Greatest Piston-Engine Fighter Aircraft,https://autos.yahoo.com/general/articles/10-greatest-piston-engine-fighter-070218546.html
2026-03-27 18:00:00,Popular Mechanics,Scientists Found Evidence of Ice Age Humans Where It Shouldn’t Have Been,https://www.popularmechanics.com/science/archaeology/a70857218/serbian-caves-ice-age-humans/
2026-03-27 15:28:00,Autoguide.com,Rumor: The Mustang Just Dusted The Corvette ZR1's Nürburgring Time,https://www.autoguide.com/auto/manufacturers/ford/rumor-the-mustang-just-dusted-the-corvette-zr1-s-nrburgring-time-44631322?utm_medium=auto&amp;amp;utm_source=rss&amp;amp;utm_campaign=all_full
2026-03-23 15:00:00,InsideEVs ,The Mercedes GLC EV Isn’t Just A Great Electric Car. It’s A Great Mercedes,https://insideevs.com/reviews/790787/mercedes-glc-ev-first-drive/
2026-03-13 18:04:55,New York Post,"Major airline cancels over 1,000 flights as oil prices soar — with cuts expected for months",https://nypost.com/2026/03/13/lifestyle/air-new-zealand-cancels-over-1000-flights-as-oil-prices-soar/?utm_source=yahoo&amp;utm_campaign=nypost&amp;utm_medium=referral
2026-03-17 17:00:27,Yahoo Entertainment,Rome's Colosseum gets a fresh look that recreates the footprints of long-gone columns,https://travel.yahoo.com/guides/italy/rome/articles/romes-colosseum-gets-fresh-look-170027455.html
2026-03-20 05:31:37,Yahoo Entertainment,Top 10: Twin-engined fighters of the second world war,https://tech.yahoo.com/transportation/articles/top-10-twin-engined-fighters-053137196.html
2026-03-09 12:12:57,Yahoo Entertainment,Nexperia China says it has begun producing its own chips,https://finance.yahoo.com/news/nexperia-china-announces-12-inch-121257771.html
2026-03-12 09:23:27,BBC News,"Chinese national arrested over attempt to smuggle 2,000 queen ants from Kenya",https://www.bbc.com/news/articles/cz7gd57z33zo?xtor=AL-72-%5Bpartner%5D-%5Byahoo.north.america%5D-%5Bheadline%5D-%5Bnews%5D-%5Bbizdev%5D-%5Bisapi%5D
2026-03-13 16:52:43,Guessingheadlights.com,One of Just 260: A 1966 Shelby 427 Cobra Roadster Is Headed to Auction,https://guessingheadlights.com/one-of-just-260-a-1966-shelby-427-cobra-roadster-is-headed-to-auction/
2026-03-15 13:45:00,SlashGear,The Luxury Car Brand With The Highest Customer Satisfaction Score Isn't Mercedes-Benz,https://www.slashgear.com/2120792/luxury-car-brand-highest-customer-satisfaction-score/
2026-03-16 07:49:16,InsideEVs ,"BMW’s iX3 Defies Expectations, Racks Up 50,000 Orders Without Test Drives",https://insideevs.com/news/790073/bmw-ix3-orders-defy-expectations/
2026-03-25 13:30:19,Guessingheadlights.com,"BMW Just Looked Americans in the Eyes and Said ""You Don't Deserve a Stretch Limo"" (And They're Not Wrong)",https://guessingheadlights.com/bmw-just-looked-americans-in-the-eyes-and-said-you-dont-deserve-a-stretch-limo-and-theyre-not-wrong/
2026-03-26 19:20:24,Yahoo Entertainment,Iran starts to formalize its chokehold on the Strait of Hormuz with a 'toll booth' regime,https://www.yahoo.com/news/articles/iran-starts-formalize-chokehold-strait-192024062.html
2026-03-18 17:52:47,Yahoo Entertainment,What the New Cholesterol Guidelines Mean for Your Health,https://health.yahoo.com/conditions/cardiovascular/articles/cholesterol-guidelines-mean-health-175247762.html
2026-03-24 10:37:14,Yahoo Entertainment,"German president calls Iran war a disastrous mistake, in rare rebuke of Trump",https://www.yahoo.com/news/articles/german-president-warns-trumps-return-082308270.html
2026-03-21 09:30:00,Forbes,Surveillance To Safety: Drivers Demand In-Vehicle Cameras Says Geotab,https://www.forbes.com/sites/jamesmorris/2026/03/21/surveillance-to-safety-drivers-demand-in-vehicle-cameras-says-geotab/
2026-03-23 10:00:00,Slate Magazine,I Feel Like I’m Missing a Trick to Be Financially Comfortable. What Is It?,https://slate.com/advice/2026/03/money-advice-missing-financial-trick.html
2026-03-11 09:45:00,Slate Magazine,"For Millennials Like Me, the Iran War Feels Horribly Familiar",https://slate.com/news-and-politics/2026/03/iran-war-iraq-donald-trump-george-w-bush.html
2026-03-22 02:29:08,Themarginalian.org,"Place, Personhood, and the Hippocampus: The Fascinating Science of Magnetism, Autonoeic Consciousness, and What Makes Us Who We Are",https://www.themarginalian.org/2026/03/21/wayfinding-m-r-oconnor/
2026-03-13 00:45:43,Themarginalian.org,How to Feel Whole in a Broken World: An Astronaut’s Antidote to Despair,https://www.themarginalian.org/2026/03/12/astronaut-aurora-despair/
2026-03-11 11:00:00,Ikeahackers.net,5 Companies That’ll Give Your IKEA Sofa a Designer Makeover,https://ikeahackers.net/2026/03/ikea-sofa-slipcover-replacement.html
2026-03-12 19:55:33,Abcnews.com,WATCH: Meteorite fragment crashes through roof of house in Germany,https://abcnews.com/video/131013884/
2026-03-17 09:12:16,Abcnews.com,Could a global economy dependent on renewable energy see less war? Experts explain,https://abcnews.com/Technology/global-economy-dependent-renewable-energy-war-experts-explain/story?id=130969198
2026-03-12 13:35:30,Abcnews.com,Oil prices surge and stocks fall as Iran escalates shipping attacks,https://abcnews.com/Business/oil-prices-surge-stocks-fall-iran-escalates-shipping/story?id=130995443
2026-03-09 20:21:36,Abcnews.com,"Stocks close higher, reversing sharp losses after oil prices fall",https://abcnews.com/Business/stocks-tumble-oil-climbs-100-barrel/story?id=130895636
2026-03-10 19:01:42,Abcnews.com,Trump says he and Vance are 'philosophically' different on Iran war,https://abcnews.com/Politics/trump-vance-philosophically-iran-war/story?id=130937389
2026-03-19 12:03:53,Abcnews.com,Oil and gas prices surge as Iran escalates strikes on Gulf refineries,https://abcnews.com/Business/oil-gas-prices-surge-iran-escalates-strikes-gulf/story?id=131211099
2026-03-25 09:43:30,Abcnews.com,UK police arrest 2 men over arson attack on ambulances belonging to a Jewish charity,https://abcnews.com/International/wireStory/uk-police-arrest-2-men-arson-attack-ambulances-131387615
2026-03-25 21:49:37,Abcnews.com,"With some 2,000 ships stranded, Iran claims its easing grip on Strait of Hormuz",https://abcnews.com/International/20000-seafarers-stranded-due-strait-hormuz-closure-despite/story?id=131395709
2026-03-20 00:02:12,Abcnews.com,US targets mine-laying vessels in the Strait of Hormuz amid disruption of oil traffic,https://abcnews.com/Politics/us-targets-mine-laying-vessels-strait-hormuz-amid/story?id=131228813
2026-03-24 11:00:00,Fast Company,The most innovative companies in food for 2026,https://www.fastcompany.com/91497215/food-most-innovative-companies-2026-kraft-heinz-david-sargento-row-7-ben-stiller-stillers-soda-burlap-barrel-smucker-shinkei-fruitist-dole
2026-03-24 11:00:00,Fast Company,The most innovative travel companies of 2026,https://www.fastcompany.com/91497310/travel-hospitality-most-innovative-companies-2026
2026-03-24 11:00:00,Fast Company,The most innovative manufacturing companies for 2026,https://www.fastcompany.com/91497254/manufacturing-most-innovative-companies-2026
2026-03-24 11:00:00,Fast Company,The most innovative real estate and urban development companies in 2026,https://www.fastcompany.com/91497314/urban-development-real-estate-most-innovative-companies-2026
2026-03-24 11:00:00,Fast Company,The most innovative fashion companies of 2026,https://www.fastcompany.com/91497207/fashion-apparel-most-innovative-companies-2026
2026-03-16 14:43:42,Artofmanliness.com,The George Marshall Method for Leaving Work at 5 PM,https://www.artofmanliness.com/career-wealth/career/the-george-marshall-method-for-leaving-work-at-5-pm/
2026-03-13 19:53:01,Fox News,"Remote robot surgery removes cancer 1,500 miles away",https://www.foxnews.com/tech/remote-robot-surgery-removes-cancer-1500-miles-away
2026-03-16 15:05:14,Cool Hunting,"For the All New Audi Q3, it’s the Bytes and Tech That Count",http://coolhunting.com/design/for-the-all-new-audi-q3-its-the-bytes-and-tech-that-count/
2026-03-22 23:45:08,Cool Hunting,Tommaso Calabro’s Passion for Art,http://coolhunting.com/culture/tommaso-calabros-passion-for-art/
2026-03-13 18:45:03,The New Yorker,Sheltering in Jerusalem and Looking at the Iran War,https://www.newyorker.com/news/the-lede/sheltering-in-jerusalem-and-looking-at-the-iran-war
2026-03-11 19:19:37,The New Yorker,How Putin Views Trump’s War in Iran,https://www.newyorker.com/news/the-lede/how-putin-views-trumps-war-in-iran
2026-03-24 21:39:04,Samsung.com,"Following Google’s Lead With Pixel Phones, Samsung Announces AirDrop Support With Galaxy S26 Phones",https://news.samsung.com/us/samsung-airdrop-quick-share-galaxy-s26-series
2026-03-24 10:53:37,IGN,"Amazon Has Big Savings On Magic: The Gathering Booster Boxes, Including Secrets of Strixhaven Today",https://www.ign.com/articles/amazon-has-big-savings-on-magic-the-gathering-booster-boxes-spring-sale
2026-03-12 12:24:19,IGN,"Magic's Lord of the Rings Commander Decks Are Finally Back In Stock Online, and Just Got an Tidy Discount As Well",https://www.ign.com/articles/magic-the-gathering-lord-of-the-rings-commander-decks-are-finally-back-in-stock-and-now-discounted-at-amazon
2026-03-27 10:04:58,IGN,"Amazon’s Spring Sale Offers Disney Lorcana Discounts On Booster Boxes, Gift Bundles, and More",https://www.ign.com/articles/amazons-spring-sale-offers-disney-lorcana-discounts-on-booster-boxes-gift-bundles-and-more
2026-03-19 10:54:51,IGN,"Magic's Strixhaven Draft Night Bundle Preorders Are Already Discounted, and Even Include a Collector Booster",https://www.ign.com/articles/magic-the-gathering-secrets-of-strixhaven-draft-night-bundle-preorders-are-already-discounted-at-amazon
2026-03-23 16:00:00,IGN,Magic Precon Decks Score Heavy Discounts in Early Amazon Spring Sale Deals,https://www.ign.com/articles/magic-the-gathering-commander-decks-on-sale-at-amazon-spring-sale
2026-03-26 12:14:31,IGN,Magic: The Gathering Collector Boosters Boxes Score Hefty Discounts Thanks to Spring Sale Deals at Amazon,https://www.ign.com/articles/magic-the-gathering-collector-boosters-score-big-discounts-in-spring-sale-discounts-at-amazon
2026-03-18 19:00:00,IGN,This Crazy TMNT Shredder Combo Can Basically Ruin an Entire Game of Magic In One Fell Swoop,https://www.ign.com/articles/tmnt-shredder-combo-can-basically-ruin-an-entire-game-of-magic-in-one-fell-swoop
2026-03-25 15:30:16,Gizmodo.com,Privacy Isn’t the Only Thing Plaguing Meta’s Smart Glasses,https://gizmodo.com/privacy-isnt-the-only-thing-plaguing-metas-smart-glasses-2000737911
2026-03-10 21:05:59,Gizmodo.com,Ig Nobel Ceremony Relocates to Europe Amid Safety Concerns in Trump’s America,https://gizmodo.com/ig-nobel-ceremony-relocates-to-europe-citing-safety-concerns-in-trumps-america-2000732009
2026-03-19 11:00:31,Gizmodo.com,The Spy Film ‘If Looks Could Kill’ Was an Oddly Formative Moment in My Film Fandom,https://gizmodo.com/the-spy-film-if-looks-could-kill-was-an-oddly-formative-moment-in-my-film-fandom-2000733484
2026-03-21 10:00:08,Gizmodo.com,Pinterest CEO Backs Social Media Ban for Kids Under 16,https://gizmodo.com/pinterest-ceo-backs-social-media-ban-for-kids-under-16-2000736278
2026-03-20 17:00:26,Gizmodo.com,I’m Helpless Against the ’80s Nostalgia in Philips’ New Wireless Speakers and Headphones,https://gizmodo.com/im-helpless-against-the-80s-nostalgia-in-philips-new-wireless-speakers-and-headphones-2000736022
2026-03-13 14:10:04,Gizmodo.com,Our Sun Was Born in a Hellish Part of the Milky Way. New Research Explains How It Escaped,https://gizmodo.com/our-sun-was-born-in-a-hellish-part-of-the-milky-way-new-research-explains-how-it-escaped-2000733122
2026-03-24 19:35:35,Gizmodo.com,"Finally, Some Good News in the Fight Against Lyme Disease",https://gizmodo.com/finally-some-good-news-in-the-fight-against-lyme-disease-2000737417
2026-03-25 17:45:02,Gizmodo.com,"New Covid-19 Variant BA.3.2 Is Spreading and May ‘Evade Immunity,’ CDC Warns",https://gizmodo.com/new-covid-19-variant-ba-3-2-is-spreading-and-may-evade-immunity-cdc-warns-2000738068
2026-03-19 16:05:39,Gizmodo.com,Astronomers Pinpoint the Best 45 Places in the Galaxy to Look For Alien Life,https://gizmodo.com/astronomers-pinpoint-the-best-45-places-in-the-galaxy-to-look-for-alien-life-2000735521
2026-03-12 20:35:59,Gizmodo.com,A ‘Super El Niño’ Could Be Coming—Here’s What That Means for You,https://gizmodo.com/a-super-el-nino-could-be-coming-heres-what-that-means-for-you-2000733022
2026-03-19 15:43:00,Gizmodo.com,"Uber and Rivian Team Up to Deploy 50,000 Robotaxis",https://gizmodo.com/uber-and-rivian-team-up-to-deploy-50000-robotaxis-2000735594
2026-03-26 16:00:00,Gizmodo.com,"Humans Were Already Dog People 16,000 Years Ago, DNA Suggests",https://gizmodo.com/humans-were-already-dog-people-16000-years-ago-dna-suggests-2000738490
2026-03-28 03:59:00,The New Yorker,A Mamdani Strategist’s Advice for Democrats in the 2026 Midterms,https://www.newyorker.com/podcast/political-scene/a-mamdani-strategists-advice-for-democrats-in-the-2026-midterms
2026-03-16 22:46:00,The Atlantic,J. D. Vance Learns What Mike Pence Already Knows,https://www.theatlantic.com/newsletters/2026/03/vance-pence-trump/686412/
2026-03-27 14:31:32,The Atlantic,The First Post-Reality Political Campaign,https://www.theatlantic.com/ideas/2026/03/hungary-first-post-reality-political-campaign/686565/
2026-03-23 18:40:01,The Atlantic,Europe’s Far Right Is Turning on Trump,https://www.theatlantic.com/national-security/2026/03/europe-far-right-denmark-elections-trump/686503/
2026-03-13 20:05:22,The Atlantic,Today’s Atlantic Trivia: Authoritarianism,https://www.theatlantic.com/trivia/2026/03/2026-03-13/686378/
2026-03-11 21:55:49,The Atlantic,Dubai’s Army of Influencers Gets Back in Line,https://www.theatlantic.com/national-security/2026/03/dubai-influencers-war-messaging/686329/
2026-03-10 12:00:00,The Atlantic,Six Books That Simply Must Be Talked About,https://www.theatlantic.com/books/2026/03/books-discuss-friend-group-club-recommendations/686295/
2026-03-17 21:05:00,The Atlantic,The Cautionary Tale of Joe Kent,https://www.theatlantic.com/newsletters/2026/03/joe-kent-resignation-iran-trump/686434/
2026-03-21 16:19:00,The Atlantic,How Does Trump Define Victory in Iran?,https://www.theatlantic.com/national/2026/03/trump-victory-in-iran-washington-week/686447/
2026-03-13 20:34:44,The Atlantic,The Movie Star Hiding in Plain Sight,https://www.theatlantic.com/culture/2026/03/stellan-skarsgard-movies-sentimental-value/686380/
2026-03-13 20:11:50,The Atlantic,The Jolene Doctrine,https://www.theatlantic.com/national-security/2026/03/jolene-doctrine-war-iran/686375/
2026-03-25 17:00:00,The Atlantic,"The Far-Right Algorithm: Anti-Churchill, Anti-West",https://www.theatlantic.com/podcasts/2026/03/david-frum-show-andrew-roberts-churchill/686530/
2026-03-24 11:00:00,The Atlantic,Abandoned by America,https://www.theatlantic.com/ideas/2026/03/afghanistan-refugees-trump-immigration/686508/
2026-03-18 16:51:29,The Atlantic,The Iran War’s Next Threat Is to Food and Water,https://www.theatlantic.com/national-security/2026/03/the-iran-wars-next-threat-is-to-food-and-water/686435/
2026-03-09 12:00:00,The Atlantic,Books Are Meant to Be Slow,https://www.theatlantic.com/ideas/2026/03/slow-reading-books-benefits/686266/
2026-03-24 13:00:00,The Atlantic,Why America’s Catholic Bishops Started Sounding Liberal,https://www.theatlantic.com/ideas/2026/03/catholic-church-trump-immigration/686510/
2026-03-16 12:31:00,The Atlantic,China’s Axis of Autocracy Isn’t Looking So Hot,https://www.theatlantic.com/ideas/2026/03/china_iran/686400/
2026-03-15 11:00:00,The Atlantic,The 13 Deaths of Dr. Oosterhoff,https://www.theatlantic.com/ideas/2026/03/oosterhoff-netherlands-teen-euthanasia/686344/
2026-03-17 10:00:00,The Atlantic,The City Where Coetzee Is God,https://www.theatlantic.com/magazine/2026/04/coetzee-cape-town-apartheid/686067/
2026-03-13 17:00:00,The Atlantic,Why Is It So Hard to Make a Good Weather App?,https://www.theatlantic.com/podcasts/2026/03/why-is-it-so-hard-to-make-a-good-weather-app/686362/
2026-03-14 10:47:00,The Atlantic,Awareing Ourselves to Death,https://www.theatlantic.com/technology/2026/03/world-monitor-situation-meme/686389/
2026-03-19 11:00:00,The Atlantic,Trump Is Kicking the Economy While It’s Down,https://www.theatlantic.com/podcasts/2026/03/trump-is-kicking-the-economy-while-its-down/686446/
2026-03-19 10:00:00,The Atlantic,Trump Is Betraying Iran’s Pro-Democracy Protesters,https://www.theatlantic.com/ideas/2026/03/trump-iran-democracy-protest/686442/
2026-03-24 23:30:00,The Atlantic,A Useful Way to Understand Trump’s Decision Making,https://www.theatlantic.com/newsletters/2026/03/trump-markets-decision-making-iran/686526/
2026-03-20 13:00:00,The Atlantic,"Photos of the Week: Amish Birders, Oscar Winner, Newborn Sloth",https://www.theatlantic.com/photography/2026/03/photos-week-amish-birders-oscar-winner-newborn-sloth/686460/
2026-03-21 12:00:00,The Atlantic,Lessons in Pleasure,https://www.theatlantic.com/family/2026/03/ideal-marriage-sex-manual/686458/
2026-03-23 12:00:00,The Atlantic,A Surprising Perspective on American Jewishness,https://www.theatlantic.com/books/2026/03/nicholas-lemann-southern-american-jewishness/686499/
2026-03-27 22:59:00,The Atlantic,Airfare Is Just the Beginning,https://www.theatlantic.com/newsletters/2026/03/expensive-plane-tickets-oil-iran/686604/
2026-03-20 20:16:29,BBC News,Ukraine-Hungary oil pipeline row threatens EU loan,https://www.bbc.com/news/articles/cr71rkeg7xxo
2026-03-16 00:06:14,BBC News,Ukraine's urgent fight on the financial frontline,https://www.bbc.com/news/articles/c20jyngz7ygo
2026-03-26 18:45:47,BBC News,Spanish woman to die by euthanasia after long legal battle with father,https://www.bbc.com/news/articles/c7vqdd23y0vo
2026-03-27 14:25:02,BBC News,Austria plans social media ban for under-14s,https://www.bbc.com/news/articles/cwyv70de9exo
2026-03-20 22:36:13,BBC News,"As Islamophobia rises, Australia's Muslims celebrate Eid",https://www.bbc.com/news/articles/cr410ezy312o
2026-03-18 17:42:10,Europa.eu,EU Inc.: A new harmonised corporate legal regime,https://commission.europa.eu/topics/business-and-industry/doing-business-eu/company-law-and-corporate-governance/eu-inc-new-harmonised-corporate-legal-regime_en
2026-03-25 20:27:03,Fightchatcontrol.eu,"Chat Control is back, two weeks after the EU's previous attempt",https://fightchatcontrol.eu/?foo=bar
2026-03-14 23:00:05,Arnika.org,The Sound of Contamination: Headphones Contain Ing Hormone-Disrupting Chemicals,https://arnika.org/en/news/the-sound-of-contamination-all-analysed-headphones-on-the-central-european-market-found-to-contain-hormone-disrupting-chemicals
2026-03-14 08:52:14,Tboteproject.com,"Age Verification Lobbying: Dark Money, Model Legislation, Institutional Capture",https://tboteproject.com/
2026-03-09 15:03:22,Probablydance.com,I'm Getting a Whiff of Iain Banks' Culture,https://probablydance.com/2026/03/07/im-getting-a-whiff-of-iain-banks-culture/
2026-03-09 22:29:57,Underjord.io,Shipping Grayscale Photos at Small Scale,https://underjord.io/shipping-grayscale-photos-at-small-scale.html
2026-03-19 19:35:37,Github.com,No AI in Node.js Core,https://github.com/indutny/no-ai-in-nodejs-core
2026-03-18 15:48:04,Alcazarsec.com,Wide logging: Stripe's canonical log line pattern,https://blog.alcazarsec.com/tech/posts/wide-logging
2026-03-19 06:19:47,Turkisharchaeonews.net,Theodosian Land Walls of Constantinople,https://turkisharchaeonews.net/object/theodosian-land-walls-constantinople
2026-03-18 21:07:29,Substack.com,Building Liberal Compute,https://simongrimm.substack.com/p/building-liberal-compute
2026-03-21 20:32:20,Dyne.org,Do Not Turn Child Protection into Internet Access Control,https://news.dyne.org/child-protection-is-not-access-control/
2026-03-20 19:29:39,Ashvardanian.com,NumKong: 2'000 Mixed Precision Kernels for All,https://ashvardanian.com/posts/numkong/
2026-03-24 05:57:00,Github.com,Pool spare GPU capacity to run LLMs at larger scale,https://github.com/michaelneale/mesh-llm
2026-03-14 22:14:26,Cemrehancavdar.com,Framework doesn't matter,https://cemrehancavdar.com/2026/02/19/your-framework-may-not-matter/
2026-03-11 19:28:59,Dwarkesh.com,I'm glad the Anthropic fight is happening now,https://www.dwarkesh.com/p/dow-anthropic
2026-03-09 00:00:05,Science News,NASA's DART spacecraft changed an asteroid's orbit around the sun,http://www.sciencenews.org/article/spacecraft-changed-asteroid-orbit-nasa
2026-03-09 14:38:11,Lesswrong.com,The optimal age to freeze eggs is 19,https://www.lesswrong.com/posts/dxffBxGqt2eidxwRR/the-optimal-age-to-freeze-eggs-is-19
2026-03-09 16:24:22,Carlini.com,An opinionated take on how to do important research that matters,https://nicholas.carlini.com/writing/2026/how-to-win-a-best-paper-award.html
2026-03-12 20:41:51,Substack.com,A Plain Anabaptist Story: The Hutterites,https://ulmer457718.substack.com/p/a-plain-anabaptist-story-the-hutterites
2026-03-17 12:56:59,Governance.fyi,"Silicon Valley's ""Pronatalists"" Killed WFH. The Strait of Hormuz Brought It Back",https://www.governance.fyi/p/silicon-valleys-pronatalists-killed
2026-03-18 14:00:43,Github.com,A ngrok-style secure tunnel server written in Rust and Open Source,https://github.com/joaoh82/rustunnel
2026-03-14 09:14:51,Csis.org,Starlink Militarization and Its Impact on Global Strategic Stability,https://interpret.csis.org/translations/starlink-militarization-and-its-impact-on-global-strategic-stability/
2026-03-09 16:53:14,Aresluna.org,I don't know Apple's endgame for the Fn/Globe key–or if Apple does,https://aresluna.org/fn/
2026-03-10 17:07:27,Cabinetmagazine.org,Defeat as Method,https://www.cabinetmagazine.org/issues/71/khosravi.php
2026-03-15 07:11:32,Github.com,SpiceCrypt: A Python library for decrypting LTspice encrypted model files,https://github.com/jtsylve/spice-crypt
2026-03-24 06:53:30,Andros.dev,From zero to a RAG system: successes and failures,https://en.andros.dev/blog/aa31d744/from-zero-to-a-rag-system-successes-and-failures/
2026-03-22 22:01:03,Associated Press,Iran war energy crisis is a renewable energy wake-up call,https://apnews.com/article/middle-east-wars-renewable-energy-asia-4b5fe0693ce5816472c905db85f7da6e
2026-03-25 17:35:16,Bearblog.dev,The Bee That Everyone Wants to Save,https://naturalist.bearblog.dev/the-bee-that-everyone-wants-to-save/
2026-03-24 12:46:22,Taylor.town,Why did the chicken cross the road?,https://taylor.town/other-side
2026-03-12 05:40:14,Github.io,Making Sense of the DXY,https://dm13450.github.io/2026/03/10/Making-Sense-of-the-DXY.html
2026-03-15 19:25:18,Thatshubham.com,The 49MB Web Page,https://thatshubham.com/blog/news-audit
2026-03-16 11:25:31,Frontiersin.org,Corruption erodes social trust more in democracies than in autocracies,https://www.frontiersin.org/journals/political-science/articles/10.3389/fpos.2026.1779810/full
2026-03-10 04:48:50,Asteriskmag.com,Language Birth,https://asteriskmag.com/issues/13/language-birth
2026-03-17 10:39:48,Gadgetreview.com,Reddit User Uncovers Who Is Behind Meta's $2B Lobbying for Age Verification Tech,https://www.gadgetreview.com/reddit-user-uncovers-who-is-behind-metas-2b-lobbying-for-invasive-age-verification-tech
2026-03-13 03:29:52,London Review of Books,"Heart, Head, Life, Fate",https://www.lrb.co.uk/the-paper/v48/n05/steven-shapin/heart-head-life-fate
2026-03-20 17:00:45,Asimov.com,Fermented foods shaped human biology,https://press.asimov.com/articles/culture-shift
2026-03-26 03:54:13,Metropolitanreview.org,The Last Contract: William T. Vollmann's Battle to Publish an Epic (2025),https://www.metropolitanreview.org/p/the-last-contract
2026-03-10 14:39:15,Iop.org,Intensifying global heat threatens livability for younger and older adults,https://iopscience.iop.org/article/10.1088/2752-5309/ae3c3a
2026-03-11 15:35:50,Github.io,Temporal: The 9-Year Journey to Fix Time in JavaScript,https://bloomberg.github.io/js-blog/post/temporal/
2026-03-11 16:07:00,Worksinprogress.news,An unappetizing shrub became different vegetables,https://www.worksinprogress.news/p/many-of-the-tastiest-vegetables-are
2026-03-14 23:10:24,Airbus.com,Airbus is preparing two uncrewed combat aircraft,https://www.airbus.com/en/newsroom/press-releases/2026-03-airbus-is-preparing-two-uncrewed-combat-aircraft-from-kratos-for-first-flight-with-a-european
2026-03-20 22:45:52,Homeip.net,What Happened to Gem?,https://dfarq.homeip.net/whatever-happened-to-gem/
2026-03-26 19:25:19,Trychroma.com,Chroma Context-1: Training a Self-Editing Search Agent,https://www.trychroma.com/research/context-1
2026-03-18 01:00:45,Inconspicuous.info,The Pleasures of Poor Product Design,https://www.inconspicuous.info/p/the-pleasures-of-poor-product-design
2026-03-20 10:46:15,Thecoolingreport.com,3M's PFAS exit killed the supply chain for two-phase immersion cooling in DCs,https://thecoolingreport.com/intel.html
2026-03-18 12:53:15,Ghost.io,It's Their Mona Lisa,https://ironicsans.ghost.io/its-t-mona-lisa/
2026-03-10 15:18:39,Substack.com,The Enterprise Context Layer,https://andychen32.substack.com/p/the-enterprise-context-layer
2026-03-13 10:31:03,Buzzfeed,These 35 Travel Essentials Will Help You Pack Efficiently,https://www.buzzfeed.com/imansakrani/travel-essentials-will-help-you-pack-efficiently
2026-03-25 17:00:00,Googleblog.com,Meet the class of 2026 for the Google Play Apps Accelerator,https://android-developers.googleblog.com/2026/03/meet-class-of-2026-for-google-play-apps.html
2026-03-23 23:36:41,9to5Mac,EU broadcasters want Apple TV and Siri regulated as gatekeepers under DMA,https://9to5mac.com/2026/03/23/eu-broadcasters-want-apple-tv-and-siri-regulated-as-gatekeepers-under-dma/
2026-03-19 12:46:45,9to5Mac,Trademark application suggests AppleCare One could soon be coming to Europe,https://9to5mac.com/2026/03/19/trademark-application-suggests-applecare-one-could-soon-be-coming-to-europe/
2026-03-25 01:25:30,9to5Mac,Apple could face new taxes in Poland under proposed digital services law,https://9to5mac.com/2026/03/24/apple-could-face-new-taxes-in-poland-under-proposed-digital-services-law/
2026-03-11 11:21:52,9to5Mac,"The MacBook Neo doesn’t officially support fast charging, but a beefier charger helps",https://9to5mac.com/2026/03/11/the-macbook-neo-doesnt-officially-support-fast-charging-but-a-beefier-charger-helps/
2026-03-11 16:40:47,9to5Mac,AltStore PAL update brings social web features and Liquid Glass design,https://9to5mac.com/2026/03/11/altstore-pal-update-brings-social-web-features-and-liquid-glass-design/
2026-03-26 23:21:29,9to5Mac,New App Store policy requires medical device disclosures for some health apps,https://9to5mac.com/2026/03/26/new-app-store-policy-requires-medical-device-disclosures-for-some-health-apps/
2026-03-19 11:04:39,9to5Mac,FBI and DIA are buying location data of US citizens from data brokers,https://9to5mac.com/2026/03/19/fbi-and-dia-are-buying-location-data-of-us-citizens-from-data-brokers/
2026-03-18 11:40:26,9to5Mac,Apple’s 50th anniversary celebrations in China marred by government pressure,https://9to5mac.com/2026/03/18/apples-50th-anniversary-celebrations-in-china-marred-by-government-pressure/
2026-03-11 13:21:16,9to5Mac,CarPlay coming this week for a major Tesla competitor’s electric SUV,https://9to5mac.com/2026/03/11/carplay-coming-this-week-for-a-major-tesla-competitors-electric-suv/
2026-03-24 13:04:09,9to5Mac,MacBook Pro Diary: The Rolling Square Supertiny is the perfect ‘just in case’ charger,https://9to5mac.com/2026/03/24/macbook-pro-diary-the-rolling-square-supertiny-is-the-perfect-just-in-case-charger/
2026-03-10 00:54:48,9to5Mac,German publishers push regulators to fine Apple over App Tracking Transparency,https://9to5mac.com/2026/03/09/german-publishers-push-regulators-to-fine-apple-over-app-tracking-transparency/
2026-03-19 15:55:30,9to5Mac,"Apple TV reveals major new film with Leonardo DiCaprio, Jennifer Lawrence",https://9to5mac.com/2026/03/19/apple-tv-reveals-major-new-film-with-leonardo-dicaprio-jennifer-lawrence/
2026-03-22 23:06:00,9to5google.com,"Samsung rolling out AirDrop over Quick Share on Galaxy S26, more devices coming",http://9to5google.com/2026/03/22/samsung-galaxy-s26-airdrop-quick-share/
2026-03-12 22:08:00,Popular Science,NASA shows how Sahara desert dust spread all over Europe,http://www.popsci.com/environment/sahara-dust-spread-europe/
2026-03-10 15:07:32,Popular Science,A meteor soared across Europe—and possibly hit a house,http://www.popsci.com/science/meteor-hits-house-europe/
2026-03-25 19:01:00,Popular Science,Sewer line workers stumble on Viking ship timber,http://www.popsci.com/science/viking-ship-sewer-line/
2026-03-11 00:05:00,Popular Science,Scientists suggest modifying cars to hit fewer hedgehogs,http://www.popsci.com/environment/hedgehogs-cars-ultrasound/
2026-03-12 10:00:10,Android Police,Motorola just fixed my biggest foldable problem — and Samsung should be taking notes,https://www.androidpolice.com/razr-fold-productivity-win/
2026-03-25 16:15:10,Android Police,"I'll only accept a OnePlus exit on one condition, and it's a shake-up that makes sense",https://www.androidpolice.com/the-only-way-ill-accept-a-oneplus-exit-is-on-one-condition/
2026-03-24 12:30:49,Rock Paper Shotgun,"""The thing we are trying to stop keeps happening"": Highguard and other high-profile demises keep making the argument for Stop Killing Games",https://www.rockpapershotgun.com/the-thing-we-are-trying-to-stop-keeps-happening-highguard-and-other-high-profile-demises-keep-making-the-argument-for-stop-killing-games
2026-03-25 13:48:50,Rock Paper Shotgun,Painted Kingdoms combines real-time strategy with firefighting on lavish maps made entirely of paper,https://www.rockpapershotgun.com/painted-kingdoms-combines-real-time-strategy-with-firefighting-on-lavish-maps-made-entirely-of-paper
2026-03-19 17:10:04,Rock Paper Shotgun,Vampire Crawlers invites you to an average Italian countryside with an April release date,https://www.rockpapershotgun.com/vampire-crawlers-invites-you-to-an-average-italian-countryside-with-an-april-release-date
2026-03-19 11:42:25,Rock Paper Shotgun,"Our favourite, huge power bank for the Steam Deck is down to £52/$80 from Amazon",https://www.rockpapershotgun.com/our-favourite-huge-power-bank-for-the-steam-deck-is-down-to-5280-from-amazon
2026-03-25 17:04:25,Rock Paper Shotgun,"Crimson Desert might be an open world jumble of loose ends, but I can't resist its sexy towers and ghost trains",https://www.rockpapershotgun.com/crimson-desert-might-be-an-open-world-jumble-of-loose-ends-but-i-cant-resist-its-sexy-towers-and-ghost-trains
2026-03-26 13:10:54,Rock Paper Shotgun,You can save nearly $100 on the powerful AMD Ryzen 7 9700X in the Amazon Spring Sale,https://www.rockpapershotgun.com/you-can-save-nearly-100-on-the-powerful-amd-ryzen-7-9700x-in-the-amazon-spring-sale
2026-03-09 14:45:00,Scientific American,Stunning video shows huge fireball blazing over Europe,https://www.scientificamerican.com/article/stunning-video-shows-huge-fireball-blazing-over-europe/
2026-03-17 10:15:00,Scientific American,The real reason Ireland has no snakes,https://www.scientificamerican.com/article/the-real-reason-ireland-has-no-snakes/
2026-03-13 10:00:00,Scientific American,"How RFK, Jr.’s controversial ideas are shaping Americans’ health",https://www.scientificamerican.com/podcast/episode/how-rfk-jr-s-controversial-ideas-are-shaping-americans-health/
2026-03-12 09:00:00,Scientific American,The sun and thousands of its twins migrated across the Milky Way just in time,https://www.scientificamerican.com/article/the-sun-and-thousands-of-its-twins-migrated-across-the-milky-way-just-in/
2026-03-25 16:30:00,Scientific American,Physicists just took a road trip with a load of antimatter. Here’s how it went,https://www.scientificamerican.com/article/physicists-just-took-a-road-trip-with-a-load-of-antimatter-heres-how-it-went/
2026-03-23 18:00:00,Scientific American,Iran attack on Qatar’s liquid natural gas trains has global energy consequences,https://www.scientificamerican.com/article/iran-attack-on-qatars-liquid-natural-gas-trains-has-global-energy/
2026-03-27 12:00:00,Scientific American,We thought we knew the shape of the universe. We were wrong,https://www.scientificamerican.com/article/we-thought-we-knew-the-shape-of-the-universe-we-were-wrong/
2026-03-11 09:00:00,Scientific American,Where did magic mushrooms come from? Scientists just got closer to an answer,https://www.scientificamerican.com/article/where-did-magic-mushrooms-come-from-scientists-just-got-closer-to-an-answer/
2026-03-24 13:00:00,Scientific American,Astronomers witness the birth of a new solar system,https://www.scientificamerican.com/article/astronomers-witness-the-birth-of-a-new-solar-system/
2026-03-10 15:00:00,Scientific American,First-of-its-kind vaccine protects children from deadly E. coli infections,https://www.scientificamerican.com/article/first-of-its-kind-vaccine-protects-children-from-deadly-e-coli-infections/
2026-03-12 13:40:00,Scientific American,Interstellar Comet 3I/ATLAS is exceptionally alcoholic,https://www.scientificamerican.com/article/interstellar-comet-3i-atlas-is-exceptionally-alcoholic/
2026-03-17 10:00:00,Scientific American,The kids are all right,https://www.scientificamerican.com/article/the-kids-are-all-right/
2026-03-17 10:00:00,Scientific American,The false positive paradox explains why you misjudge risk,https://www.scientificamerican.com/article/the-false-positive-paradox-explains-why-you-misjudge-risk/
2026-03-17 10:00:00,Scientific American,More kidney patients are having healthy babies after years of discouragement from doctors,https://www.scientificamerican.com/article/more-kidney-patients-are-having-healthy-babies-after-years-of-discouragement/
2026-03-17 10:30:00,Scientific American,"SpaceX reaches milestone of 10,000 Starlink satellites in orbit",https://www.scientificamerican.com/article/spacex-reaches-milestone-of-10-000-starlink-satellites-in-orbit/
2026-03-19 15:40:00,Scientific American,The world's happiest countries report calls attention to youth well-being,https://www.scientificamerican.com/article/the-worlds-happiest-countries-report-calls-attention-to-youth-well-being/
2026-03-22 10:00:00,Scientific American,Can future astronauts be put into comas for space travel like in Project Hail Mary?,https://www.scientificamerican.com/article/can-future-astronauts-be-put-into-comas-for-space-travel-like-in-project/
2026-03-26 10:30:05,Dezeen,"""It's time to see all those circular economy strategies for what they are""",https://www.dezeen.com/2026/03/26/circular-economy-smith-mordak-opinion/
2026-03-24 19:00:00,Dezeen,"Dezeen Debate features ""the best looking BMW for many, many years""",https://www.dezeen.com/2026/03/24/bmw-electric-i3-sedan-design-dezeen-debate/
2026-03-25 11:00:00,Dezeen,Is Africa's skyscraper mini-boom a cause for alarm?,https://www.dezeen.com/2026/03/25/africa-skyscrapers/
2026-03-25 11:15:41,Dezeen,"""There is no message in what I do"" says Pritzker Architecture Prize-winner Smiljan Radić",https://www.dezeen.com/2026/03/25/smiljan-radic-pritzker-architecture-prize-winner-interview/
2026-03-25 08:00:57,Dezeen,Dezeen Awards 2026 early entry deadline closes today,https://www.dezeen.com/2026/03/25/early-entry-deadline-closes-dezeen-awards/
2026-03-10 14:59:29,BBC News,'Extinct' butterfly found across southern England,https://www.bbc.com/news/articles/cdxz78q7894o
2026-03-15 10:00:52,Dezeen,Eight interiors transformed using reclaimed materials,https://www.dezeen.com/2026/03/15/eight-interior-designs-reclaimed-materials-lookbooks/
2026-03-26 16:46:23,Tim.blog,"The Tim Ferriss Show Transcripts: Q&A with Tim — The Upcoming AI Tsunami and Building Offline Advantage, Book Recommendations, Spotting Psychedelic Red Flags, Courage as a Learnable Skill, and More (#859)",https://tim.blog/2026/03/26/qa-with-tim-ai-tsunami-transcript/
2026-03-18 19:30:00,Penny-arcade.com,It No So Good,https://www.penny-arcade.com/news/post/2026/03/18/it-no-so-good
2026-03-18 19:30:00,Penny-arcade.com,It No So Good,https://ext.penny-arcade.com/news/post/2026/03/18/it-no-so-good
2026-03-24 13:17:12,Abduzeedo.com,Made in Europe: DADA Projects' Brand Identity Design,https://abduzeedo.com/node/89183
2026-03-26 12:24:19,Abduzeedo.com,Alphabetical Playground: Experimental Type Design by Nigel Cottier,https://abduzeedo.com/node/89169
2026-03-23 10:30:01,Abduzeedo.com,Yuni Grotesque: A Compressed Sans-Serif from TypeMates,https://abduzeedo.com/node/89171
2026-03-26 13:12:35,Abduzeedo.com,Void Reflections: VOID Studio Oslo Celebrates 10 Years,https://abduzeedo.com/node/89167
2026-03-27 02:27:00,Abduzeedo.com,Brand Identity Design for WaysConf Conference,https://abduzeedo.com/node/89197
2026-03-26 17:01:26,CNET,Brazil vs. France Livestream: How to Watch International Friendly Soccer From Anywhere,https://www.cnet.com/tech/services-and-software/brazil-vs-france-livestream-how-to-watch-international-friendly-soccer-from-anywhere/
2026-03-24 14:00:58,CNET,Amnezia Has a New VPN Protocol to Stay a Step Ahead of Censors,https://www.cnet.com/tech/services-and-software/amnezia-vpn-new-protocol-amneziawg-v2/
2026-03-18 13:24:00,CNET,There's an Electric Version of Nearly Every Kitchen Tool. Here's What Chefs Think About That,https://www.cnet.com/home/kitchen-and-household/nearly-every-kitchen-tool-has-an-electric-version-heres-what-chefs-think-about-that/
2026-03-18 19:26:00,CNET,"I Tried Internxt, an Encrypted, Secure Cloud Storage Built for the Post-Quantum Era",https://www.cnet.com/tech/services-and-software/i-tried-internxt-an-encrypted-secure-cloud-storage-built-for-the-post-quantum-era/
2026-03-20 13:49:00,CNET,AI Cooking Robots Have Flopped. Will the Nosh One Be Any Different? Here's My Take,https://www.cnet.com/home/kitchen-and-household/ai-cooking-robots-have-flopped-will-the-nosh-one-be-any-different-heres-my-take/
2026-03-24 16:05:26,CNET,"The iPhone 17 Pro Phones Far Outnumber Their Siblings, but the iPhone Air Has Fans",https://www.cnet.com/tech/mobile/the-iphone-17-pro-still-dominates-its-generation-but-the-iphone-air-has-fans/
2026-03-22 12:01:06,CNET,"Generative AI in Gaming Is Here, but Facing Pushback from Gamers -- and Developers",https://www.cnet.com/tech/gaming/generative-ai-gaming-pushback/
2026-03-09 20:45:20,Yanko Design,"This Ergonomic Mouse Tracks Your Heart Rate, Telling You To Take A Break Before You Experience Burnout",https://www.yankodesign.com/2026/03/09/this-ergonomic-mouse-tracks-your-heart-rate-telling-you-to-take-a-break-before-you-experience-burnout/
2026-03-12 00:30:36,Yanko Design,BYD Could Become Formula 1’s First Ever Chinese Team By 2027,https://www.yankodesign.com/2026/03/11/byd-could-become-formula-1s-first-ever-chinese-team-by-2027/
2026-03-11 00:30:07,Yanko Design,Caterham Seven HWM Edition celebrates British racing heritage with a limited-run lightweight sports car,https://www.yankodesign.com/2026/03/10/caterham-seven-hwm-edition-celebrates-british-racing-heritage-with-a-limited-run-lightweight-sports-car/
2026-03-17 21:30:19,Yanko Design,This LEGO Tiramisu Might Be the Most Realistic LEGO Food Set Anyone Has Ever Built,https://www.yankodesign.com/2026/03/17/this-lego-tiramisu-might-be-the-most-realistic-lego-food-set-anyone-has-ever-built/
2026-03-10 22:30:26,Yanko Design,A Maker Just Built A Polaroid Camera for 100x Cheaper Using Thermal Receipt Paper,https://www.yankodesign.com/2026/03/10/a-maker-just-built-a-polaroid-camera-for-100x-cheaper-using-thermal-receipt-paper/
2026-03-23 11:40:09,Yanko Design,"Carry Less, Own More: 7 Best Minimalist Tech Accessories Worth It",https://www.yankodesign.com/2026/03/23/carry-less-own-more-7-best-minimalist-tech-accessories-worth-it/
2026-03-20 10:07:26,Yanko Design,What If Google’s Server Heat Became Its Most Prominent Design Feature?,https://www.yankodesign.com/2026/03/20/what-if-googles-server-heat-became-its-most-prominent-design-feature/
2026-03-20 13:20:48,Yanko Design,The Macaron Collection That’s Actually Built to Last,https://www.yankodesign.com/2026/03/20/the-macaron-collection-thats-actually-built-to-last/
2026-03-20 14:20:49,Yanko Design,A $500 Cat Scratcher That Looks Like a Floating Shelf,https://www.yankodesign.com/2026/03/20/a-500-cat-scratcher-that-looks-like-a-floating-shelf/
2026-03-21 00:30:19,Yanko Design,"When Your Speaker Is Also a Puzzle, Music Hits Different",https://www.yankodesign.com/2026/03/20/when-your-speaker-is-also-a-puzzle-music-hits-different/
2026-03-21 22:30:03,Yanko Design,Pencil Shavings Have Never Looked This Beautiful,https://www.yankodesign.com/2026/03/21/pencil-shavings-have-never-looked-this-beautiful/
2026-03-22 19:15:00,Yanko Design,LPG Shortage Has Millions Unable to Cook. This Battery Induction Cooktop Never Needed Gas Anyway.,https://www.yankodesign.com/2026/03/22/lpg-shortage-has-millions-unable-to-cook-this-battery-induction-cooktop-never-needed-gas-anyway/
2026-03-10 23:30:18,Yanko Design,"The World’s Tallest Timber Skyscraper Is in Sydney, and It Rises 600 Feet Into the Sky",https://www.yankodesign.com/2026/03/10/the-worlds-tallest-timber-skyscraper-is-in-sydney-and-it-rises-600-feet-into-the-sky/
2026-03-19 16:20:37,Yanko Design,QPearl Just Replaced Your Shampoo Bottle With One Pearl,https://www.yankodesign.com/2026/03/19/qpearl-just-replaced-your-shampoo-bottle-with-one-pearl/
2026-03-16 23:30:00,Yanko Design,"At $39K, This 16-Foot Tiny Home Has No Business Fitting a Full Kitchen and Loft Inside",https://www.yankodesign.com/2026/03/16/at-39k-this-16-foot-tiny-home-has-no-business-fitting-a-full-kitchen-and-loft-inside/
2026-03-19 22:30:35,Yanko Design,Fläkt Just Redesigned the Air Purifier as Furniture,https://www.yankodesign.com/2026/03/19/flakt-just-redesigned-the-air-purifier-as-furniture/
2026-03-20 22:30:17,Yanko Design,A Wind-Powered Tumbleweed That Heals the Desert as It Rolls,https://www.yankodesign.com/2026/03/20/a-wind-powered-tumbleweed-that-heals-the-desert-as-it-rolls/
2026-03-24 10:32:12,Windows Central,Microsoft could be OpenAI's biggest partner and most substantial IPO risk — raising investor concerns over future valuation,https://www.windowscentral.com/artificial-intelligence/microsoft-could-be-openai-biggest-ipo-risk
2026-03-18 15:03:57,Windows Central,Microsoft is reportedly considering suing OpenAI after Amazon’s $50B deal shakes their “exclusive” partnership,https://www.windowscentral.com/microsoft/microsoft-is-reportedly-considering-suing-openai-after-amazons-usd50b-deal-shakes-their-exclusive-partnership
2026-03-12 21:10:54,Windows Central,"Call of Duty: Warzone is testing Casual mode bots in Black Ops Royale, and oh boy, everyone's pissed — ""The Warzone scene is cooked""",https://www.windowscentral.com/gaming/call-of-duty/call-of-duty-warzones-is-testing-casual-mode-bots-in-black-ops-royale-and-oh-boy-everyones-pissed
2026-03-10 22:00:29,Windows Central,"Here's exactly when you can play the new Call of Duty: Black Ops 7 Zombies map, Paradox Junction",https://www.windowscentral.com/gaming/call-of-duty/heres-exactly-when-you-can-play-the-new-call-of-duty-black-ops-7-zombies-map-paradox-junction
2026-03-27 13:48:45,Windows Central,"Sony raised PS5 prices in key regions and Xbox instantly became the cheaper console without changing a thing, creating one of the funniest value swings in years",https://www.windowscentral.com/gaming/xbox/xbox-slashed-prices-in-key-markets-right-after-sony-bumped-ps5-costs-creating-one-of-the-most-perfectly-timed-your-move-moments-in-recent-console-history
2026-03-24 19:40:57,Uncrate.com,Eurowise Cayenne Ultra EVO,https://uncrate.com/eurowise-cayenne-ultra-evo/
2026-03-23 14:20:54,Yanko Design,The Award-Winning Playground Built to Never Be Replaced,https://www.yankodesign.com/2026/03/23/the-award-winning-playground-built-to-never-be-replaced/
2026-03-20 07:31:25,Itainews.com,琉球新報、右側を切り取る,https://itainews.com/archives/2060213.html
2026-03-09 10:03:35,Itainews.com,日本の軍事費増加について中国「アジアの人々が日本を警戒するのは当然」,https://itainews.com/archives/2059762.html
2026-03-09 06:51:20,Science Daily,Archaeologists uncover brutal Iron Age massacre of women and children,https://www.sciencedaily.com/releases/2026/03/260308201616.htm
2026-03-24 11:13:14,Science Daily,Scientists found a rhino in the Arctic and it changes everything,https://www.sciencedaily.com/releases/2026/03/260324024245.htm
2026-03-27 11:44:42,Science Daily,Ocean species are disappearing before scientists can even find them,https://www.sciencedaily.com/releases/2026/03/260326075603.htm
2026-03-17 05:59:38,Science Daily,NASA’s Webb captures a bizarre brain-shaped nebula around a dying star,https://www.sciencedaily.com/releases/2026/03/260317015938.htm
2026-03-12 23:51:03,Science Daily,Scientists discover hedgehogs can hear ultrasound and it could save them from cars,https://www.sciencedaily.com/releases/2026/03/260311213439.htm
2026-03-10 10:50:39,Science Daily,This 2-pound dinosaur is rewriting what scientists know about evolution,https://www.sciencedaily.com/releases/2026/03/260309225231.htm
2026-03-13 22:49:09,Science Daily,Our Sun may have escaped the Milky Way’s center with thousands of twin stars,https://www.sciencedaily.com/releases/2026/03/260313062543.htm
2026-03-16 10:59:06,Science Daily,Scientists discover what really happens during sourdough fermentation,https://www.sciencedaily.com/releases/2026/03/260315225130.htm
2026-03-22 11:21:20,Science Daily,Beavers are turning rivers into powerful carbon sinks,https://www.sciencedaily.com/releases/2026/03/260322020245.htm
2026-03-25 03:10:24,Science Daily,Fathers face rising depression risk a year after baby arrives,https://www.sciencedaily.com/releases/2026/03/260324230057.htm
2026-03-25 07:56:19,Science Daily,Project Hail Mary meets reality: 45 planets could harbor alien life,https://www.sciencedaily.com/releases/2026/03/260325005926.htm
2026-03-23 09:34:10,Science Daily,Scientists discover Alzheimer’s hidden “death switch” in the brain,https://www.sciencedaily.com/releases/2026/03/260323005526.htm
2026-03-11 03:12:11,Science Daily,A particle accelerator helped scientists create stunning 3D ants,https://www.sciencedaily.com/releases/2026/03/260310223603.htm
2026-03-18 22:01:48,Science Daily,This simple habit could help seniors live longer and stay independent,https://www.sciencedaily.com/releases/2026/03/260318033100.htm
2026-03-27 01:51:08,Science Daily,Freshwater fish populations plunge 81% as river migrations collapse,https://www.sciencedaily.com/releases/2026/03/260326064157.htm
2026-03-12 23:34:52,Science Daily,Extreme weather is hitting baby birds hard in a 60-year study,https://www.sciencedaily.com/releases/2026/03/260311213435.htm
2026-03-20 00:54:23,Science Daily,Ultra-processed foods linked to 67% higher risk of heart attack and stroke,https://www.sciencedaily.com/releases/2026/03/260319074604.htm
2026-03-22 09:38:42,Science Daily,"This 67,800-year-old handprint is the oldest art ever found",https://www.sciencedaily.com/releases/2026/03/260322020300.htm
2026-03-24 09:34:56,Flowingdata.com,"Oil imports from the Middle East, by country",https://flowingdata.com/2026/03/24/oil-imports-from-the-middle-east-by-country/
2026-03-20 06:00:00,Google News,Search Central Live Asia Pacific 2026: Get Ready for Sydney and more!,https://developers.google.com/search/blog/2026/03/scl-apac-2026
2026-03-11 13:00:27,Playstation.com,Gran Turismo 7 Free Update 1.68 available today,https://blog.playstation.com/2026/03/11/gran-turismo-7-free-update-1-68-available-today/
2026-03-27 12:00:03,Playstation.com,"New Price Changes for PS5, PS5 Pro, and PlayStation Portal remote player",https://blog.playstation.com/2026/03/27/new-price-changes-for-ps5-ps5-pro-and-playstation-portal-remote-player/
2026-03-27 12:31:08,Playstation.com,"(For Southeast Asia) New Price Changes for PS5, PS5 Pro, and PlayStation Portal remote player",https://blog.playstation.com/2026/03/27/20260327-ps/
2026-03-12 10:15:09,New Scientist,Undisclosed ads on TikTok skirt ban on profiling minors,https://www.newscientist.com/article/2519141-undisclosed-ads-on-tiktok-skirt-ban-on-profiling-minors/
2026-03-11 14:00:47,New Scientist,Why the world's militaries are scrambling to create their own Starlink,https://www.newscientist.com/article/2517766-why-the-worlds-militaries-are-scrambling-to-create-their-own-starlink/
2026-03-09 12:07:23,New Scientist,The first apes to walk upright may have evolved in Europe,https://www.newscientist.com/article/2518516-the-first-apes-to-walk-upright-may-have-evolved-in-europe/
2026-03-25 16:00:53,New Scientist,Oldest known dog extends the genetic history of our canine companions,https://www.newscientist.com/article/2520476-oldest-known-dog-extends-the-genetic-history-of-our-canine-companions/
2026-03-18 14:41:51,New Scientist,Google modified over 100 flights to cut climate-warming contrails,https://www.newscientist.com/article/2519687-google-modified-over-100-flights-to-cut-climate-warming-contrails/
2026-03-27 13:00:21,New Scientist,I almost drowned in space when my helmet filled with water,https://www.newscientist.com/article/2521138-i-almost-drowned-in-space-when-my-helmet-filled-with-water/
2026-03-18 14:41:51,New Scientist,Google rerouted over 100 flights to cut climate-warming contrails,https://www.newscientist.com/article/2519687-google-rerouted-over-100-flights-to-cut-climate-warming-contrails/
2026-03-18 14:41:51,New Scientist,Google rerouted hundreds of flights to cut climate-warming contrails,https://www.newscientist.com/article/2519687-google-rerouted-hundreds-of-flights-to-cut-climate-warming-contrails/
2026-03-21 06:00:05,New Scientist,Inside the world’s first antimatter delivery service,https://www.newscientist.com/article/2520160-inside-the-worlds-first-antimatter-delivery-service/
2026-03-18 14:41:51,New Scientist,Route-planning AI cut climate-warming contrails on over 100 flights,https://www.newscientist.com/article/2519687-route-planning-ai-cut-climate-warming-contrails-on-over-100-flights/
2026-03-09 16:00:29,New Scientist,A daily multivitamin may slightly slow rates of ageing,https://www.newscientist.com/article/2518607-a-daily-multivitamin-may-slightly-slow-rates-of-ageing/
2026-03-25 16:00:33,New Scientist,How working out like an astronaut can reduce back pain and slow ageing,https://www.newscientist.com/article/2519666-how-working-out-like-an-astronaut-can-reduce-back-pain-and-slow-ageing/
2026-03-26 18:00:12,New Scientist,Fossils discovered in Egypt may be the closest ancestor of all apes,https://www.newscientist.com/article/2521073-fossils-discovered-in-egypt-may-be-the-closest-ancestor-of-all-apes/
2026-03-23 19:00:32,New Scientist,Genetic clues tell the story of Neanderthals' decline,https://www.newscientist.com/article/2520319-genetic-clues-tell-the-story-of-neanderthals-decline/
2026-03-24 13:30:12,New Scientist,Antimatter has been transported by road for the first time,https://www.newscientist.com/article/2520548-antimatter-has-been-transported-by-road-for-the-first-time/
2026-03-10 18:00:33,New Scientist,I was accused of killing over 100 million rabbits across Australia,https://www.newscientist.com/article/2518775-i-was-accused-of-killing-over-100-million-rabbits-across-australia/
2026-03-11 18:00:34,New Scientist,A glimpse into the rare earth riches of Greenland,https://www.newscientist.com/article/2517988-a-glimpse-into-the-rare-earth-riches-of-greenland/
2026-03-16 15:00:52,New Scientist,Why global warming is accelerating and what it means for the future,https://www.newscientist.com/article/2519386-why-global-warming-is-accelerating-and-what-it-means-for-the-future/
2026-03-18 16:28:28,New Scientist,Will war in the Middle East accelerate the clean energy transition?,https://www.newscientist.com/article/2519862-will-war-in-the-middle-east-accelerate-the-clean-energy-transition/
2026-03-23 19:00:22,New Scientist,Warmer ocean is driving the Antarctic sea ice 'regime shift',https://www.newscientist.com/article/2520281-warmer-ocean-is-driving-the-antarctic-sea-ice-regime-shift/
2026-03-25 11:54:28,New Scientist,Ancient elephant bones reveal vivid details of a Neanderthal hunt,https://www.newscientist.com/article/2520535-ancient-elephant-bones-reveal-vivid-details-of-a-neanderthal-hunt/
2026-03-18 18:00:15,New Scientist,Neanderthals may have treated wounds with antibiotic sticky tar,https://www.newscientist.com/article/2519668-neanderthals-may-have-treated-wounds-with-antibiotic-sticky-tar/
2026-03-18 18:00:00,New Scientist,New Scientist recommends Cirque du Soleil's insect-themed OVO show,https://www.newscientist.com/article/mg26935871-600-new-scientist-recommends-cirque-du-soleils-insect-themed-ovo-show/
2026-03-19 13:00:00,Core77.com,This Cleverly Designed Fish Box Reduces Emissions and Waste,https://www.core77.com/posts/142733/This-Cleverly-Designed-Fish-Box-Reduces-Emissions-and-Waste
2026-03-09 15:00:00,Core77.com,"From Michael Hilgers, Three Examples of Beautifying and Increasing the Utility of Existing Objects",https://www.core77.com/posts/142384/From-Michael-Hilgers-Three-Examples-of-Beautifying-and-Increasing-the-Utility-of-Existing-Objects
2026-03-10 15:45:00,Core77.com,Core77 Design Awards 2026: Irene Guerrieri on Design That Unlocks Imagination,https://www.core77.com/posts/142421/Core77-Design-Awards-2026-Irene-Guerrieri-on-Design-That-Unlocks-Imagination
2026-03-13 14:00:00,Core77.com,Goofball's Double-Sided Wall Clock for the Home,https://www.core77.com/posts/142510/Goofballs-Double-Sided-Wall-Clock-for-the-Home
2026-03-13 15:00:00,Core77.com,Core77 Weekly Roundup (3-9-26 to 3-13-26),https://www.core77.com/posts/142382/Core77-Weekly-Roundup-3-9-26-to-3-13-26
2026-03-16 15:00:00,Core77.com,"A Flat Pair of Robots Become an Invisible, Autonomous Pallet Jack",https://www.core77.com/posts/142608/A-Flat-Pair-of-Robots-Become-an-Invisible-Autonomous-Pallet-Jack
2026-03-19 18:07:32,Theregister.com,'Death sentence': EU cloud lobby takes Broadcom to Brussels over VMware partner purge,https://www.theregister.com/2026/03/19/cispe_eu_complaint_vmware_vcsp_closure/
2026-03-26 11:00:14,Theregister.com,"Digital euro goes full sovereignty mode, US cloud giants not on guest list",https://www.theregister.com/2026/03/26/digital_euro_sovereignty/
2026-03-26 13:40:26,Theregister.com,"AI bug reports went from junk to legit overnight, says Linux kernel czar",https://www.theregister.com/2026/03/26/greg_kroahhartman_ai_kernel/
2026-03-27 16:40:47,Theregister.com,Senators want datacenters to come clean on power consumption,https://www.theregister.com/2026/03/27/senators_datacenter_power_consumption/
2026-03-23 10:14:12,Theregister.com,"The drone swarm is coming, and NATO air defenses are too expensive to cope",https://www.theregister.com/2026/03/23/nato_air_defenses/
2026-03-26 00:13:36,Theregister.com,"GitHub hits CTRL-Z, decides it will train its AI with user data after all",https://www.theregister.com/2026/03/26/github_ai_training_policy_changes/
2026-03-16 18:40:30,Theregister.com,Cybercrime has skyrocketed 245% since the start of the Iran war,https://www.theregister.com/2026/03/16/cybercrime_iran_war_245_percent_rise/
2026-03-24 20:31:09,Theregister.com,1K+ cloud environments infected following Trivy supply chain attack,https://www.theregister.com/2026/03/24/1k_cloud_environments_infected_following/
