2026-03-28 11:28:16,BBC News,New EU border checks delayed again over tech issues,https://www.bbc.com/news/articles/c33l77k88vyo
2026-03-18 23:45:37,BBC News,Sadiq Khan says Labour should pledge to rejoin EU,https://www.bbc.com/news/articles/c62g2e08jpno
2026-03-13 20:15:17,Gizmodo.com,‘The Mandalorian and Grogu’ Might Bring Another EU Villain Back to Canon,https://gizmodo.com/mandalorian-and-grogu-warlord-name-zsinj-star-wars-2000733380
2026-03-19 12:17:32,MacRumors,AppleCare One Subscription Could Soon Launch in EU Markets,https://www.macrumors.com/2026/03/19/applecare-one-european-rollout/
2026-03-20 14:45:39,Kotaku,Nintendo Could Be Forced To Shed One Of Its Biggest Anti-Consumer Practices,https://kotaku.com/nintendo-switch-2-replacement-battery-eu-right-to-repair-2000680608
2026-03-05 00:55:55,MacRumors,Apple Does Not Include a Charger With All New MacBooks in UK and EU,https://www.macrumors.com/2026/03/04/macbook-neo-no-charger-in-uk-or-eu/
2026-03-06 21:05:05,Yahoo Entertainment,"EU countries joining US, Israel attacks would become Iran's ""legitimate target"", Deputy Minister says",https://www.yahoo.com/news/articles/eu-countries-joining-us-israel-210505041.html
2026-03-13 11:16:12,The Verge,Apple reduces App Store fees in China to ward off regulators,https://www.theverge.com/tech/894306/apple-app-store-fees-china-reduced-antitrust
2026-03-18 17:42:10,Europa.eu,EU Inc.: A new harmonised corporate legal regime,https://commission.europa.eu/topics/business-and-industry/doing-business-eu/company-law-and-corporate-governance/eu-inc-new-harmonised-corporate-legal-regime_en
2026-03-09 09:19:12,Yahoo Entertainment,"EU can no longer rely on 'rules-based' system against threats, von der Leyen says",https://consent.yahoo.com/v2/collectConsent?sessionId=1_cc-session_a8bacfd3-1808-4a65-907b-59ae538450fa
2026-03-02 15:02:20,Yahoo Entertainment,"Ukraine to complete preparation in days to start EU accession talks, Zelenskiy says",https://consent.yahoo.com/v2/collectConsent?sessionId=1_cc-session_4dabb683-375c-40ee-8e2c-31039984ec1d
2026-03-19 01:06:01,Yahoo Entertainment,EU leaders to press Hungary's Orban to lift block on Ukraine loan,https://consent.yahoo.com/v2/collectConsent?sessionId=1_cc-session_d8665264-0f92-4c90-a772-21b71f5769b3
2026-03-17 16:24:04,Yahoo Entertainment,"Ukraine accepts EU offer to help restore Druzhba pipeline, repairs to take time",https://consent.yahoo.com/v2/collectConsent?sessionId=1_cc-session_b334e09c-3e67-46f3-8a43-f91b76e317fa
2026-03-20 20:16:29,BBC News,Ukraine-Hungary oil pipeline row threatens EU loan,https://www.bbc.com/news/articles/cr71rkeg7xxo
2026-03-25 20:27:03,Fightchatcontrol.eu,"Chat Control is back, two weeks after the EU's previous attempt",https://fightchatcontrol.eu/?foo=bar
2026-03-19 19:30:17,Gizmodo.com,"Higher Oil Prices From Trump’s Iran War Risk Killing the AI Boom, WTO Says",https://gizmodo.com/higher-oil-prices-from-trumps-iran-war-risk-killing-the-ai-boom-wto-says-2000735678
2026-03-12 09:30:48,Gizmodo.com,"AI Chatbots Are Mostly Helpful When Planning Public Acts of Violence, Report Finds",https://gizmodo.com/ai-chatbots-are-mostly-helpful-when-planning-public-acts-of-violence-report-finds-2000732200
2026-03-26 14:10:54,Gizmodo.com,"DJI Now Has a Cheaper 360 Drone Than Insta360, but the U.S. Won’t Get It",https://gizmodo.com/dji-now-has-a-cheaper-360-drone-than-insta360-but-the-u-s-wont-get-it-2000738454
2026-03-16 00:06:14,BBC News,Ukraine's urgent fight on the financial frontline,https://www.bbc.com/news/articles/c20jyngz7ygo
2026-03-06 14:57:47,Kotaku,PlayStation 5 Is Showing Different Players Different Prices For The Same Game,https://kotaku.com/playstation-store-psn-prices-assassins-creed-unity-a-b-pricing-2000676646
2026-03-23 23:36:41,9to5Mac,EU broadcasters want Apple TV and Siri regulated as gatekeepers under DMA,https://9to5mac.com/2026/03/23/eu-broadcasters-want-apple-tv-and-siri-regulated-as-gatekeepers-under-dma/
2026-03-03 21:41:25,The Verge,What Trump’s war on Iran means for the US energy crunch,https://www.theverge.com/science/888526/what-trumps-war-on-iran-means-for-the-us-energy-crunch
2026-03-18 23:00:00,Slashdot.org,"Cloudflare Appeals Piracy Shield Fine, Hopes To Kill Italy's Site-Blocking Law",https://yro.slashdot.org/story/26/03/18/2059236/cloudflare-appeals-piracy-shield-fine-hopes-to-kill-italys-site-blocking-law
2026-03-02 15:36:13,Jezebel,At Least Europe Cares About the Epstein Files,https://www.jezebel.com/at-least-europe-cares-about-the-epstein-files
2026-03-12 10:15:09,New Scientist,Undisclosed ads on TikTok skirt ban on profiling minors,https://www.newscientist.com/article/2519141-undisclosed-ads-on-tiktok-skirt-ban-on-profiling-minors/
2026-03-24 13:45:25,The Next Web,NeuReality taps former Google AI director to steer its inference operating system into the market,https://thenextweb.com/news/neureality-google-advisor-nr-nexus-inference
2026-03-02 10:21:24,Jolla.com,Jolla phone – a full-stack European alternative,https://commerce.jolla.com/products/jolla-phone-sept-26
2026-03-06 15:02:56,Yahoo Entertainment,Hungary's $82 million bank transit swoop deepens spat with Ukraine,https://uk.news.yahoo.com/ukraine-accuses-hungary-taking-hostage-091359417.html
2026-03-19 18:07:32,Theregister.com,'Death sentence': EU cloud lobby takes Broadcom to Brussels over VMware partner purge,https://www.theregister.com/2026/03/19/cispe_eu_complaint_vmware_vcsp_closure/
2026-03-05 14:43:22,Theregister.com,Office EU waves sovereignty flag with a familiar stack under the bonnet,https://www.theregister.com/2026/03/05/office_eu_suite/
2026-03-25 18:02:32,The Verge,TikTok’s policy for AI ads isn’t working,https://www.theverge.com/ai-artificial-intelligence/900400/tiktok-ai-ads-labels-samsung-disclosure
2026-03-14 23:00:05,Arnika.org,The Sound of Contamination: Headphones Contain Ing Hormone-Disrupting Chemicals,https://arnika.org/en/news/the-sound-of-contamination-all-analysed-headphones-on-the-central-european-market-found-to-contain-hormone-disrupting-chemicals
2026-03-25 00:18:40,CNET,The BlackBerry-Esque Smartphone With a Full Keyboard Just Launched on Kickstarter,https://www.cnet.com/tech/mobile/titan-2-elite-launched-kickstarter/
2026-03-20 15:53:49,MacRumors,MacBook Neo Charging Test: Here's Which Apple Charger is the Fastest,https://www.macrumors.com/2026/03/20/macbook-neo-charging-test/
2026-03-05 15:52:08,NPR,Strains between Spain and the U.S. emerge over Spanish opposition to the Iran war,https://www.npr.org/2026/03/05/nx-s1-5737285/iran-war-spain-trump
2026-03-25 15:30:16,Gizmodo.com,Privacy Isn’t the Only Thing Plaguing Meta’s Smart Glasses,https://gizmodo.com/privacy-isnt-the-only-thing-plaguing-metas-smart-glasses-2000737911
2026-03-26 11:00:14,Theregister.com,"Digital euro goes full sovereignty mode, US cloud giants not on guest list",https://www.theregister.com/2026/03/26/digital_euro_sovereignty/
2026-03-25 02:00:15,Hackaday,Testing Expensive Graphene-Reinforced Nylon Filament,https://hackaday.com/2026/03/24/testing-expensive-graphene-reinforced-nylon-filament/
2026-03-03 19:48:00,CNET,Apple Accidentally Leaks Potential Budget MacBook Ahead of Big Event,https://www.cnet.com/tech/computing/apple-accidentally-leaks-potential-budget-macbook-ahead-of-big-event/
2026-03-17 05:26:51,Al Jazeera English,EU says Iran is ‘not Europe’s war’,https://www.aljazeera.com/video/newsfeed/2026/3/17/eu-says-iran-is-not-europes-war
2026-03-05 14:25:36,Theregister.com,Trump administration spoiling for a fight over global satellite regulations,https://www.theregister.com/2026/03/05/trump_administration_spoiling_for_a/
2026-03-02 15:31:09,24/7 Wall St.,BYD Sales Collapse. What About Tesla?,https://247wallst.com/cars-and-drivers/2026/03/02/byd-sales-collapse-what-about-tesla/
2026-03-25 19:03:04,The Verge,Uber aims to launch Europe’s first robotaxi service with Pony AI and Verne,https://www.theverge.com/transportation/900656/uber-pony-ai-verne-robotaxi-europe
2026-03-17 11:45:09,The Verge,Oppo’s nearly creaseless foldable isn’t launching in Europe after all,https://www.theverge.com/tech/895859/oppo-find-n6-launch-release-markets-specs-battery
2026-03-24 17:44:17,Techdirt,The Trump Admin’s Own Investigators Found No EU Internet Censorship. So They Ignored The Findings.,https://www.techdirt.com/2026/03/24/the-trump-admins-own-investigators-found-no-eu-internet-censorship-so-they-ignored-the-findings/
2026-03-05 15:53:50,Al Jazeera English,EU leaders express solidarity with Gulf countries amid Iranian attacks,https://www.aljazeera.com/news/2026/3/5/eu-leaders-express-solidarity-with-gulf-countries-amid-iranian-attacks
2026-03-04 10:33:54,Al Jazeera English,"After Iran’s warning, Europe fails to unite on war launched by US, Israel",https://www.aljazeera.com/news/2026/3/4/amid-middle-east-crisis-europe-fumbles-towards-mutual-defence
2026-03-09 11:49:53,Al Jazeera English,"Europe becoming arms powerhouse despite increased imports, says SIPRI",https://www.aljazeera.com/news/2026/3/9/europe-becoming-arms-powerhouse-despite-increased-imports-says-sipri
2026-03-03 09:30:15,Theregister.com,Brussels urged to pay 'sovereignty premium' to narrow China battery gap,https://www.theregister.com/2026/03/03/eu_battery_production_costs/
2026-03-26 05:21:13,NPR,UN calls for reparations to remedy the 'historical wrongs' of trafficking enslaved Africans,https://www.npr.org/2026/03/26/nx-s1-5761896/un-reparations-slavery-africa
2026-03-19 10:58:10,Al Jazeera English,EU leaders slam Hungary’s Orban for blocking Ukraine aid package,https://www.aljazeera.com/news/2026/3/19/eu-leaders-slam-hungarys-orban-for-blocking-ukraine-aid-package
2026-03-21 19:24:11,Al Jazeera English,EU urges members to start storing winter gas as Iran war causes price surge,https://www.aljazeera.com/news/2026/3/21/eu-urges-members-to-start-storing-winter-gas-as-iran-war-causes-price-surge
2026-03-19 18:21:17,Al Jazeera English,Hungary’s Orban continues to block Ukraine loan at EU summit,https://www.aljazeera.com/news/2026/3/19/hungarys-orban-continues-to-block-ukraine-loan-at-eu-summit
2026-03-22 15:25:01,Al Jazeera English,"Iranian authorities taunt US, Israel, EU amid strikes and assassinations",https://www.aljazeera.com/news/2026/3/22/iranian-authorities-taunt-us-israel-eu-amid-strikes-and-assassinations
2026-03-14 08:52:14,Tboteproject.com,"Age Verification Lobbying: Dark Money, Model Legislation, Institutional Capture",https://tboteproject.com/
2026-03-11 16:02:29,The Verge,Alternative app store AltStore PAL is joining the fediverse,https://www.theverge.com/tech/893085/altstore-pal-alternative-app-store-fediverse
2026-03-17 11:27:14,The Next Web,Gecko Robotics lands $71M Navy deal to send wall-climbing robots inside warships,https://thenextweb.com/news/gecko-robotics-navy-contract-ship-digital-twins
2026-03-25 17:01:48,The Next Web,Pepper acquires YC-backed Alima to bring AI to food distribution’s messy product catalogues,https://thenextweb.com/news/pepper-acquires-alima-ai-food-distribution
2026-03-19 12:46:45,9to5Mac,Trademark application suggests AppleCare One could soon be coming to Europe,https://9to5mac.com/2026/03/19/trademark-application-suggests-applecare-one-could-soon-be-coming-to-europe/
2026-03-25 01:25:30,9to5Mac,Apple could face new taxes in Poland under proposed digital services law,https://9to5mac.com/2026/03/24/apple-could-face-new-taxes-in-poland-under-proposed-digital-services-law/
2026-03-25 00:40:11,Techmeme.com,"Source: Meta's rollout of Meta Ray-Ban Display in the EU has been hampered by regulations on AI features and removable batteries, as well as supply constraints (Bloomberg)",https://www.techmeme.com/260324/p57
2026-03-11 11:21:52,9to5Mac,"The MacBook Neo doesn’t officially support fast charging, but a beefier charger helps",https://9to5mac.com/2026/03/11/the-macbook-neo-doesnt-officially-support-fast-charging-but-a-beefier-charger-helps/
2026-03-02 11:09:59,Yahoo Entertainment,Macron says France will allow temporary deployment of nuclear-armed jets to European allies,https://www.yahoo.com/news/articles/macron-france-nuclear-deterrence-doctrine-110959018.html
2026-03-07 03:39:00,Techdirt,"Iceland Foods Finally Surrenders In Trademark Fight With Iceland, The Country",https://www.techdirt.com/2026/03/06/iceland-foods-finally-surrenders-in-trademark-fight-with-iceland-the-country/
2026-03-26 13:20:03,Techmeme.com,"The European Parliament votes to delay EU AI Act deadlines, including pushing compliance for high-risk AI systems back to December 2027, and to ban nudify apps (Robert Hart/The Verge)",https://www.techmeme.com/260326/p22
2026-03-17 09:30:00,Wired,Should You Leave Your Phone Charging Overnight?,https://www.wired.com/story/should-you-leave-your-phone-charging-overnight/
2026-03-10 05:00:00,Wired,Yann LeCun Raises $1 Billion to Build AI That Understands the Physical World,https://www.wired.com/story/yann-lecun-raises-dollar1-billion-to-build-ai-that-understands-the-physical-world/
2026-03-21 09:30:00,Wired,How BYD Got EV Chargers to Work Almost as Fast as Gas Pumps,https://www.wired.com/story/how-byds-ev-charger-got-even-faster-and-it-might-not-matter-as-much-as-you-think/
2026-03-26 09:04:00,Wired,Saatva HD Mattress Review: A Solution for Heavy-Bodied Sleepers,https://www.wired.com/review/saatva-hd-mattress/
2026-03-11 08:00:00,Wired,Technology Is Reshaping Sleep Apnea Treatment,https://www.wired.com/story/sleep-apnea-treatment-tech/
2026-03-20 22:03:09,Wired,There Aren't a Lot of Reasons to Get Excited About a New Amazon Smartphone,https://www.wired.com/story/amazon-smartphone-rumor-2026/
2026-03-04 17:35:05,The Verge,Downdetector and Speedtest sold to Accenture for $1.2 billion,https://www.theverge.com/tech/889234/downdetector-ookla-speedtest-sold-accenture
2026-03-05 19:56:48,The Verge,The uncomfortable truth about hybrid vehicles,https://www.theverge.com/column/890135/truth-hybrid-vehicles
2026-03-23 13:13:49,The Verge,Confronting the CEO of the AI company that impersonated me,https://www.theverge.com/podcast/898715/superhuman-grammarly-expert-review-shishir-mehrotra-interview-ai-impersonation
2026-03-19 12:27:23,The Verge,Fitbit’s AI health coach will soon be able to read your medical records,https://www.theverge.com/ai-artificial-intelligence/897250/fitbits-ai-health-coach-reads-medical-records
2026-03-09 14:02:09,The Verge,Hasbro’s CEO has an AI Peppa Pig help design toys,https://www.theverge.com/podcast/890703/hasbro-toys-games-magic-exodus-ai-tariffs
2026-03-27 19:44:05,The Verge,"Wait, the Trump phone might actually exist",https://www.theverge.com/tech/902399/trump-phone-mobile-t1-fcc-certification-authorization
2026-03-27 19:44:05,The Verge,"Wait, the Trump phone might actually exist",https://www.theverge.com/tech/902399/trump-phone-mobile-t1-fcc-certification-authorization
2026-03-18 21:40:31,The Verge,Uber to invest $1.25 billion in Rivian as part of new robotaxi deal,https://www.theverge.com/transportation/897105/uber-rivian-robotaxi-investment-deal
2026-03-05 18:06:12,The Verge,The Corvette ZR1X hybrid can outpace million-dollar sports cars for a fraction of the cost,https://www.theverge.com/transportation/888573/chevy-corvette-zr1x-hybrid-racing-performance
2026-03-05 18:17:46,The Verge,The Trump phone was a no-show at the world’s biggest mobile show,https://www.theverge.com/tech/889837/trump-phone-mobile-world-congress-mwc
2026-03-03 16:57:40,The Verge,You can soon live out your James Bond fantasies with retractable stud winter tires,https://www.theverge.com/tech/888225/nokian-hakkapeliitta-01-winter-tires-snow-ice-stud-retract-extend
2026-03-04 22:38:05,The Verge,Here’s how Google describes its fee-reducing Apps Experience and Games Level Up programs,https://www.theverge.com/tech/889538/google-apps-experience-games-level-up-program
2026-03-16 21:51:23,The Verge,Teens sue Elon Musk’s xAI over Grok’s AI-generated CSAM,https://www.theverge.com/ai-artificial-intelligence/895639/xai-grok-teens-lawsuit-grok-ai-elon-musk
2026-03-18 13:00:41,The Verge,"The great EV pullback: all the obstacles, cancellations, and delays",https://www.theverge.com/transportation/896559/ev-cancellation-delay-hybrid-china
2026-03-27 12:34:01,The Verge,Sony is raising PS5 prices by $100 in April,https://www.theverge.com/games/902224/sony-ps5-playstation-price-hike
2026-03-11 12:52:48,Al Jazeera English,Return to Russian fuels would be ‘strategic blunder’ says top EU official,https://www.aljazeera.com/video/newsfeed/2026/3/11/return-to-russian-fuels-would-be-strategic-blunder-says-top-eu-official
2026-03-13 17:05:57,Al Jazeera English,"Ukraine, EU allies slam US decision to roll back Russia oil sanctions",https://www.aljazeera.com/news/2026/3/13/ukraine-eu-allies-slam-us-decision-to-roll-back-russia-oil-sanctions
2026-03-24 07:28:53,Al Jazeera English,Top EU official calls for negotiations with Iran and an end to war,https://www.aljazeera.com/video/newsfeed/2026/3/24/top-eu-official-calls-for-negotiations-with-iran-and-an-end-to-war
2026-03-23 18:36:16,Al Jazeera English,EU calls for clarification after Hungary accused of leaking info to Russia,https://www.aljazeera.com/news/2026/3/23/eu-calls-for-clarification-after-hungary-accused-of-leaking-info-to-russia
2026-03-24 11:48:03,Al Jazeera English,Australia and EU seal trade deal to cut reliance on China’s rare earths,https://www.aljazeera.com/news/2026/3/24/australia-and-eu-seal-trade-deal-to-cut-reliance-on-chinas-rare-earths
2026-03-16 14:40:46,Al Jazeera English,EU leaders reject military involvement in Strait of Hormuz amid war on Iran,https://www.aljazeera.com/news/2026/3/16/eu-leaders-reject-military-involvement-in-strait-of-hormuz-amid-war-on-iran
2026-03-10 14:25:58,Kotaku,Fortnite Raising V-Buck Prices And Cutting Back Bonus Rewards ‘To Help Pay The Bills’,https://kotaku.com/fortnite-raising-v-buck-prices-and-cutting-back-bonus-rewards-to-help-pay-the-bills-2000677532
2026-03-04 17:03:16,BBC News,Where and when is the 2026 Eurovision Song Contest taking place?,https://www.bbc.com/news/articles/cx2g7z375l9o
2026-03-09 09:48:39,Project Syndicate,Hungary and the Future of the EU,https://www.project-syndicate.org/commentary/hungary-orban-lessons-for-addressing-eu-structural-vulnerabilities-by-adam-bence-balazs-2026-03
2026-03-19 05:00:48,Hackaday,Teardown of a 2026 LEGO SMART Brick,https://hackaday.com/2026/03/18/teardown-of-a-2026-lego-smart-brick/
2026-03-06 16:05:28,BBC News,"Russia was behind parcel fires in UK and Europe, investigators say",https://www.bbc.com/news/articles/c0rjx947zqzo
2026-03-11 06:44:16,BBC News,UK ticket holder wins £181m EuroMillions jackpot,https://www.bbc.com/news/articles/c743gk3gdljo
2026-03-09 15:03:22,Probablydance.com,I'm Getting a Whiff of Iain Banks' Culture,https://probablydance.com/2026/03/07/im-getting-a-whiff-of-iain-banks-culture/
2026-03-24 13:17:12,Abduzeedo.com,Made in Europe: DADA Projects' Brand Identity Design,https://abduzeedo.com/node/89183
2026-03-11 16:40:47,9to5Mac,AltStore PAL update brings social web features and Liquid Glass design,https://9to5mac.com/2026/03/11/altstore-pal-update-brings-social-web-features-and-liquid-glass-design/
2026-03-21 08:27:14,The Indian Express,Nintendo Switch 2 may get replaceable batteries under new EU rules,https://indianexpress.com/article/technology/tech-news-technology/nintendo-switch-2-may-get-replaceable-batteries-under-new-eu-rules-10593908/
2026-03-25 11:37:41,iLounge,AppleCare One Coming to the EU,https://www.ilounge.com/news/apple/applecare-one-coming-to-the-eu
2026-03-08 16:53:30,BBC News,"'Mind boggles' at doubts over legality of Iran war, Israeli president says",https://www.bbc.com/news/articles/clyxp780xvro
2026-03-16 15:12:25,BBC News,Wary allies show there's no quick fix to Trump's Iran crisis,https://www.bbc.com/news/articles/c8r17plnvy3o
2026-03-27 05:59:20,BBC News,How Russia's threat forced Germany to radically rethink its military,https://www.bbc.com/news/articles/cvge7r31989o
2026-03-24 09:26:58,Android Authority,TV giants say Google and Amazon have too much power over your content picks,https://www.androidauthority.com/eu-smart-tv-broadcasters-antitrust-3651343/
2026-03-03 23:30:43,Gizmodo.com,Pollen Might Be Hurting Kids’ Test Scores,https://gizmodo.com/pollen-might-be-hurting-kids-test-scores-2000728905
2026-03-02 22:30:34,Gizmodo.com,The Coolest Gadgets From MWC 2026,https://gizmodo.com/the-coolest-gadgets-from-mwc-2026-2000728407
2026-03-20 20:35:46,Gizmodo.com,Solar-Eclipsing Probe Back From the Dead After a Month of Silence,https://gizmodo.com/solar-eclipsing-probe-back-from-the-dead-after-a-month-of-silence-2000736236
2026-03-02 21:05:54,Gizmodo.com,The Race to Build the World’s First Commercial Fusion Plant Is Heating Up,https://gizmodo.com/germany-enters-the-race-to-bring-the-first-commercial-fusion-plant-to-grids-2000728434
2026-03-25 16:00:44,Gizmodo.com,The US Has Already Caused $10 Trillion in Climate Damages—and the Math Gets Worse,https://gizmodo.com/the-us-has-already-caused-10-trillion-in-climate-damages-and-the-math-gets-worse-2000737560
2026-03-06 19:00:34,Gizmodo.com,"NASA’s DART Mission Did More Than Just Nudge an Asteroid, Study Says",https://gizmodo.com/nasas-dart-mission-did-more-than-just-nudge-an-asteroid-study-says-2000730638
2026-03-12 20:05:30,Gizmodo.com,"Your Corporate Jargon–Loving Coworker Might Actually Be as Stupid as You Think, Study Shows",https://gizmodo.com/your-corporate-jargon-loving-coworker-might-actually-be-as-stupid-as-you-think-study-shows-2000732901
2026-03-17 18:40:09,Gizmodo.com,Trump Advisor Says Pain for U.S. Consumers ‘Last of Our Concerns’ as Other Countries Start Gas Rationing,https://gizmodo.com/trump-advisor-says-pain-for-u-s-consumers-last-of-our-concerns-as-other-countries-start-gas-rationing-2000734625
2026-03-05 20:10:27,Gizmodo.com,"China’s New 5-Year Plan: More AI, Less US",https://gizmodo.com/chinas-new-5-year-plan-more-ai-less-us-2000730114
2026-03-26 19:35:21,Gizmodo.com,Astronomers Say Recent Rash of Meteor Sightings ‘Warrants Serious Investigation’,https://gizmodo.com/astronomers-say-recent-rash-of-meteor-sightings-warrants-serious-investigation-2000738638
2026-03-12 17:30:51,Gizmodo.com,Rocket Companies Win as Feds Retreat on Orbital Debris Crackdown,https://gizmodo.com/rocket-companies-win-as-feds-retreat-on-orbital-debris-crackdown-2000732834
2026-03-12 09:00:16,Gizmodo.com,Google Invests $1 Million in Company That Makes AI YouTube Videos for Kids,https://gizmodo.com/google-invests-1-million-in-company-that-makes-ai-youtube-videos-for-kids-2000732685
2026-03-11 13:10:33,Gizmodo.com,New Niantic Partnership Helps Food Delivery Bots ‘Pokémon Go’ Get Your Treats,https://gizmodo.com/niantic-partnership-food-delivery-bots-use-pokemon-go-data-2000732212
2026-03-02 23:27:19,Gizmodo.com,The AI ‘Actress’ Tilly Norwood Is Getting a Whole ‘Tillyverse’,https://gizmodo.com/the-ai-actress-tilly-norwood-is-getting-a-whole-tillyverse-2000728563
2026-03-11 16:40:53,Gizmodo.com,A Pill for Sleep Apnea? Clinical Trial Yields Promising Results,https://gizmodo.com/a-pill-for-sleep-apnea-clinical-trial-yields-promising-results-2000732380
2026-03-17 13:15:08,Gizmodo.com,A Clever Software Patch Gave This Ice Satellite a Wild New Trick,https://gizmodo.com/a-clever-software-patch-gave-this-ice-satellite-a-wild-new-trick-2000734135
2026-03-24 12:30:49,Rock Paper Shotgun,"""The thing we are trying to stop keeps happening"": Highguard and other high-profile demises keep making the argument for Stop Killing Games",https://www.rockpapershotgun.com/the-thing-we-are-trying-to-stop-keeps-happening-highguard-and-other-high-profile-demises-keep-making-the-argument-for-stop-killing-games
2026-03-22 18:14:10,Eurogamer.net,"Thanks to EU consumer law, Nintendo is updating the Switch 2 design to enable European players to replace the battery",https://www.eurogamer.net/thanks-to-eu-consumer-law-nintendo-is-updating-the-switch-2-design-to-enable-european-players-to-replace-the-battery
2026-03-10 16:49:00,Archinect,Canada-EU agreement simplifies licensing for architects,https://archinect.com/news/article/150529595/canada-eu-agreement-simplifies-licensing-for-architects
2026-03-23 05:12:52,Android Authority,"OnePlus is shutting down in key global markets, tipster claims",https://www.androidauthority.com/oneplus-global-shutdown-new-rumor-3650982/
2026-03-24 12:55:54,TechRadar,Annoyed that your smart TV wants to steer you to certain services? The EU is being asked by streamers to clamp down and make TVs work more neutrally,https://www.techradar.com/televisions/annoyed-that-your-smart-tv-wants-to-steer-you-to-certain-services-the-eu-is-being-asked-by-streamers-to-clamp-down-and-make-tvs-work-more-neutrally
2026-03-01 21:08:12,Alltoc.com,Why did EU tighten arachidonic oil imports? #food,https://alltoc.com/food/why-did-eu-tighten-arachidonic-oil-imports
2026-03-19 12:29:08,BBC News,Former England U19 captain Vale in Republic of Ireland squad,https://www.bbc.com/sport/football/articles/c30r33rlv76o
2026-03-18 11:01:43,BBC News,US judge orders Trump administration to reopen Voice of America,https://www.bbc.com/news/articles/ce3g3j1y2ldo
2026-03-17 20:39:00,BBC News,Starmer Turns His Attention To Ukraine (Or Tries To),https://www.bbc.co.uk/sounds/play/p0n6gzdj
2026-03-09 23:24:03,BBC News,Is there a right time for a Panenka - as Brentford pay the price?,https://www.bbc.com/sport/football/articles/c62d1nyvqr3o
2026-03-14 11:59:20,BBC News,Carrick is doing an excellent job - Ratcliffe,https://www.bbc.com/sport/football/articles/cm2x4z79zvko
2026-03-02 06:09:29,BBC News,"'I knew the risks, I'd do it again' - Moody opens up in new BBC documentary",https://www.bbc.com/sport/rugby-union/articles/c5yqpqjkj95o
2026-03-23 15:28:07,BBC News,Community Shield moved to Cardiff for Weeknd gigs,https://www.bbc.com/sport/football/articles/ckge06z463lo
2026-03-04 17:57:28,BBC News,Watershed moment as Russia's sporting exile ends,https://www.bbc.com/sport/articles/ckgzzepvgx2o
2026-03-08 00:31:45,BBC News,'A tough lesson' - Newcastle get sobering reminder of gap to top,https://www.bbc.com/sport/football/articles/cd9gp0xpqd4o
2026-03-25 20:18:00,BBC News,The US-Iran Briefing Wars,https://www.bbc.co.uk/sounds/play/p0n6h180
2026-03-20 00:06:48,BBC News,Villa's maybe men edge closer to finishing the job,https://www.bbc.com/sport/football/articles/c8jkl09407ko
2026-03-23 11:39:27,TechRadar,Over half of UK businesses have no idea how fast they could stop AI in a crisis,https://www.techradar.com/pro/over-half-of-uk-businesses-have-no-idea-how-fast-they-could-stop-ai-in-a-crisis
2026-03-24 10:18:44,Eurogamer.net,"""It's all of us against apathy, entropy, and loss of art"" - Stop Killing Games has reached the EU Parliament, but what happens now?",https://www.eurogamer.net/stop-killing-games-eu-parliament-what-happens-now
2026-03-17 23:52:37,BBC News,Real Madrid defeat leaves Man City with season-defining run,https://www.bbc.com/sport/football/articles/c3636e11y2yo
2026-03-06 12:37:55,BBC News,Emirates resumes some Dubai flights – what's the latest on travel to UK?,https://www.bbc.com/news/articles/c4ge52x4w37o
2026-03-21 06:55:49,BBC News,The indoor evolution threatening to outstrip outdoor golf,https://www.bbc.com/sport/golf/articles/cz9qj7j382xo
2026-03-09 13:17:11,BBC News,Emergency oil reserves could be tapped - but few would bet on prices falling,https://www.bbc.com/news/articles/cz7g5vv2gejo
2026-03-16 21:04:00,BBC News,Can Starmer Keep Saying No To Trump?,https://www.bbc.co.uk/sounds/play/p0n6gyxt
2026-03-22 22:08:51,BBC News,Who has made Troy's Premier League team of the week?,https://www.bbc.com/sport/football/articles/c0krjkl3kn0o
2026-03-09 08:23:41,BBC News,Istanbul's ex-mayor to stand trial on corruption charges,https://www.bbc.com/news/articles/c204ymjnn80o
2026-03-09 19:15:00,BBC News,Americanswers… on 5Live! Why is Trump’s White House comparing the war in Iran to a video game?,https://www.bbc.co.uk/sounds/play/p0n5lfk7
2026-03-12 13:42:44,BBC News,Sly fox sneaks onto cargo ship in Southampton and arrives in New York,https://www.bbc.com/news/articles/cly2xynjzdzo
2026-03-25 23:52:36,BBC News,Man Utd refuse to give up Champions League dream,https://www.bbc.com/sport/football/articles/clyr7xxx01go
2026-03-17 23:15:26,BBC News,Zelensky calls for Trump and Starmer to meet and find common ground,https://www.bbc.com/news/articles/cp8r813x66jo
2026-03-23 20:06:30,XDA Developers,New rumor revives claim that OnePlus might leave the US market,https://www.xda-developers.com/new-rumor-revives-claim-oneplus-might-leave-us-market/
2026-03-17 16:16:46,Business Insider,How a quarterly earnings shake-up could disrupt a sprawling white-collar ecosystem,https://www.businessinsider.com/quarterly-earnings-proposal-sec-accountants-lawyer-investor-relations-jobs-impact-2026-3
2026-03-18 12:51:51,Al Jazeera English,European groups join aid convoy to Cuba amid crippling oil blockade,https://www.aljazeera.com/news/2026/3/18/as-cuba-found-flotilla-leaves-italy-europe-divided-over-stance-on-crisis
2026-03-13 17:47:45,TechRadar,Chat Control: EU Parliament said no to Big Tech mass surveillance of your chats — but the battle for privacy isn't done,https://www.techradar.com/vpn/vpn-privacy-security/chat-control-eu-parliament-said-no-to-big-tech-mass-surveillance-of-your-chats-but-the-battle-for-privacy-isnt-done
2026-03-01 13:38:02,GSMArena.com,Honor MagicPad 4 launches in Europe with early bird pricing and offers on accessory bundles,https://www.gsmarena.com/honor_magicpad_4_launches_in_europe_with_early_bird_pricing_and_offers_on_accessory_bundles-news-71765.php
2026-03-26 12:59:11,Al Jazeera English,Is Europe heading to an energy crisis?,https://www.aljazeera.com/video/counting-the-cost/2026/3/26/is-europe-heading-to-an-energy-crisis
2026-03-27 15:59:00,Al Jazeera English,Is Europe heading to an energy crisis?,https://www.aljazeera.com/video/counting-the-cost/2026/3/27/is-europe-heading-to-an-energy-crisis
2026-03-10 15:34:26,RT,EU admits nuclear blunder,https://www.rt.com/news/634384-eu-nuclear-energy-blunder/
2026-03-20 07:31:25,Itainews.com,琉球新報、右側を切り取る,https://itainews.com/archives/2060213.html
2026-03-10 18:04:53,Deadline,European Parliament Approval Of GenAI Resolution Cheers Euro Creators But Gets Thumbs Down From Regional Tech Orgs,http://deadline.com/2026/03/european-parliament-approval-ai-resolution-creators-tech-1236749095/
2026-03-03 03:23:53,CleanTechnica,The Falling Cost Gap Between EU & Chinese Batteries,https://cleantechnica.com/2026/03/02/the-falling-cost-gap-between-eu-chinese-batteries/
2026-03-05 12:12:13,Bunny.net,Migrating from Heroku to Magic Containers,https://bunny.net/blog/migrating-from-heroku-to-magic-containers/
2026-03-09 22:29:57,Underjord.io,Shipping Grayscale Photos at Small Scale,https://underjord.io/shipping-grayscale-photos-at-small-scale.html
2026-03-05 00:00:00,Nature.com,Re-entrant unconventional superconductivity induced by rare-earth substitution in Nd1-xEuxNiO2 thin films,https://www.nature.com/articles/s41467-026-70254-0
2026-03-17 13:03:47,Al Jazeera English,"Iran blames US, Israel for Hormuz tensions as crisis risks energy supplies",https://www.aljazeera.com/news/2026/3/17/iran-blames-us-israel-for-hormuz-tensions-as-crisis-risks-energy-supplies
2026-03-24 11:22:58,Yahoo Entertainment,Factbox-Highlights of EU-Australia trade agreement,https://consent.yahoo.com/v2/collectConsent?sessionId=1_cc-session_ccfbdb35-d3d6-4784-8b56-eb93607bd87d
2026-03-22 13:59:22,BBC News,First minister wants Wales to have closer ties with Europe,https://www.bbc.com/news/articles/clyd2egn2gyo
2026-03-12 15:00:00,CoinDesk,Crypto for Advisors: Crypto accounting; comparing the US and Europe,https://www.coindesk.com/coindesk-indices/2026/03/11/crypto-for-advisors-crypto-accounting-comparing-the-us-and-europe
2026-03-27 11:22:58,PetaPixel,Meta’s Ray-Ban Display Glasses Faces Hold Up in Europe Over Removeable Battery,https://petapixel.com/2026/03/27/metas-ray-ban-display-glasses-faces-hold-up-in-europe-over-removeable-battery/
2026-03-26 21:56:40,Al Jazeera English,WTO holds crunch meeting amid growing uncertainty over multilateral system,https://www.aljazeera.com/news/2026/3/26/wto-holds-crunch-meeting-amid-collapsing-multilateral-system
2026-03-22 08:53:45,Al Jazeera English,Slovenia’s governing liberals face right-wing populists in tight election,https://www.aljazeera.com/news/2026/3/22/slovenias-governing-liberals-face-right-wing-populists-in-tight-election
2026-03-20 11:51:23,Al Jazeera English,Slovenia heads to polls with diverging views on Israel in focus,https://www.aljazeera.com/news/2026/3/20/slovenia-heads-to-polls-with-diverging-views-on-israel-in-focus
2026-03-07 09:45:58,Matduggan.com,Boy I was wrong about the Fediverse,https://matduggan.com/boy-i-was-wrong-about-the-fediverse/
2026-03-20 20:09:28,Al Jazeera English,Will Europe be pulled into the Iran war?,https://www.aljazeera.com/video/the-take-2/2026/3/20/aje-onl-aj_tt_irn_whatdoeseudo_av_v2-200326
2026-03-16 16:11:38,RT,EU losing credibility – ex-foreign policy chief,https://www.rt.com/news/635230-borrell-eu-losing-credibility/
2026-03-04 15:37:49,Skift,"Coastal, Mountain Destinations Already Hit By Climate Change – EU Tourism Chief",https://skift.com/2026/03/04/climate-change-eu-tourism-coastal-mountain/
2026-03-11 14:00:00,Slashdot.org,Meta To Charge Advertisers a Fee To Offset Europe's Digital Taxes,https://meta.slashdot.org/story/26/03/11/065230/meta-to-charge-advertisers-a-fee-to-offset-europes-digital-taxes
2026-03-15 22:51:00,Slashdot.org,2026's EV Sales Hit 1.1M - But Europe Surges While North America Slides,https://tech.slashdot.org/story/26/03/15/224224/2026s-ev-sales-hit-11m---but-europe-surges-while-north-america-slides
2026-03-10 03:07:38,CleanTechnica,Boosting Aviation Decarbonisation Through the Revision of the EU ETS,https://cleantechnica.com/2026/03/09/boosting-aviation-decarbonisation-through-the-revision-of-the-eu-ets/
2026-03-09 20:09:10,Al Jazeera English,"Putin says Russia can supply oil, gas to Europe as energy prices soar",https://www.aljazeera.com/news/2026/3/9/putin-says-russia-can-supply-oil-gas-to-europe-amid-global-energy-crisis
2026-03-25 17:26:23,Business Insider,I stayed in a Swiss village to save money while backpacking Europe for 2 weeks and found a hidden gem destination,https://www.businessinsider.com/roggwil-switzerland-hidden-gem-destination-backpacking-europe
2026-03-28 09:34:01,Business Insider,"I always wanted to live in Europe, so I bought a tiny home in the Netherlands when my son moved out. Now, I'm leaving.",https://www.businessinsider.com/want-to-live-in-europe-retire-tiny-home-netherlands-2026-3
2026-03-04 12:12:17,Business Insider,Ryanair's CEO says flight bookings in Europe have surged since Middle East travel chaos began,https://www.businessinsider.com/ryanair-ceo-flights-bookings-europe-booming-since-iran-conflict-2026-3
2026-03-21 14:42:01,Business Insider,"My twins had never spent more than a night apart. When one went to Europe for 6 weeks, they barely spoke.",https://www.businessinsider.com/identical-twins-six-weeks-apart-barely-texted-2026-3
2026-03-05 14:26:36,Business Insider,"We spent 2 summers testing out living in different European countries. A year later, we're happily settled in our top pick.",https://www.businessinsider.com/americans-tested-different-european-countries-deciding-where-to-move-portugal-2026-3
2026-03-25 16:01:01,Business Insider,How US Army soldiers in Europe are readying for a possible trench war with Russia,https://www.businessinsider.com/army-soldiers-training-trench-war-russia-2026-3
2026-03-28 13:40:33,9to5Mac,This tax season is a key time to delete your personal data from the internet,https://9to5mac.com/2026/03/28/tax-season-is-key-time-to-delete-your-personal-data-from-internet/
2026-03-09 19:23:55,RT,EU reveals total spent on Ukraine,https://www.rt.com/news/634293-eu-ukraine-funding-kallas/
2026-03-10 15:44:35,RT,EU finalizing deportation bill for illegal migrants,https://www.rt.com/news/634378-eu-deportation-bill-illegal-migrants/
2026-03-24 18:05:26,RT,German military satellite plan alarms EU – Reuters,https://www.rt.com/news/636068-german-military-satellite-plan/
2026-03-16 13:08:34,RT,Zelensky accuses EU backers of ‘blackmail’,https://www.rt.com/news/635206-zelensky-eu-blackmail/
2026-03-17 16:18:38,Theregister.com,"EU sanctions Iranian cyber front over election meddling, Charlie Hebdo breach",https://www.theregister.com/2026/03/17/eu_iran_cyber_sanctions/
2026-03-09 10:03:35,Itainews.com,日本の軍事費増加について中国「アジアの人々が日本を警戒するのは当然」,https://itainews.com/archives/2059762.html
2026-03-17 12:11:22,Help Net Security,"EU sanctions Chinese company behind 65,000-device hack",https://www.helpnetsecurity.com/2026/03/17/eu-sanctions-china-iran-cyberattacks/
2026-03-23 12:42:57,RT,Hungary blasts ‘fake’ EU accusation,https://www.rt.com/news/635895-hungary-blasts-fake-eu-accusation/
2026-03-23 10:13:36,MacRumors,AirDrop Support Rolling Out to Samsung Galaxy S26 Devices This Week,https://www.macrumors.com/2026/03/23/samsung-galaxy-s26-airdrop-support-rollout/
2026-03-03 19:04:20,Ubergizmo,"Apple Launches New M5 MacBook Air And Pro: Specs, Pricing, And No Power Adapter In EU Or UK",https://www.ubergizmo.com/2026/03/apple-m5-macbook-air-and-pro/
2026-03-26 20:10:27,Yahoo Entertainment,EU agrees to fine online platforms importing unsafe products,https://consent.yahoo.com/v2/collectConsent?sessionId=1_cc-session_0a6ad763-b307-4a76-aac4-57502923113a
2026-03-27 13:15:02,Deadline,Belgian Court Rejects Netflix Financial Obligations Appeal But Leaves Door Open For Legal Debate,http://deadline.com/2026/03/belgian-court-rejects-netflix-obligations-appeal-1236767631/
2026-03-16 01:03:49,CleanTechnica,CUPRA Tavascan EV Exempted from EU Tariffs on Chinese EVs,https://cleantechnica.com/2026/03/15/cupra-tavascan-ev-exempted-from-eu-tariffs-on-chinese-evs/
2026-03-13 12:12:38,Help Net Security,EU Parliament backs extension of CSAM detection rules until 2027,https://www.helpnetsecurity.com/2026/03/13/eu-parliament-extends-csam-rules/
2026-03-04 21:21:02,GSMArena.com,NordVPN call protection is now available on Android to flag potential scams,https://www.gsmarena.com/nordvpn_call_protection_is_now_available_on_android_to_flag_potential_scams-news-71801.php
2026-03-17 00:01:07,BBC News,Reeves vows to stop UK tech from 'drifting abroad',https://www.bbc.com/news/articles/c0k16zdr1r1o
2026-03-11 10:00:35,MacRumors,$599 MacBook Neo Available for Same-Day Pickup at Apple Stores,https://www.macrumors.com/2026/03/11/macbook-neo-same-day-pickup-apple-stores/
2026-03-18 12:14:38,MacRumors,Apple Sports App Lets You Follow NCAA March Madness in Real Time,https://www.macrumors.com/2026/03/18/apple-sports-app-updated-ncaa-march-madness/
2026-03-11 16:31:16,MakeUseOf,I stopped trusting Samsung’s battery health screen after I found the real number,https://www.makeuseof.com/samsung-phone-has-secret-battery-health-report-heres-how-to-find-it/
2026-03-12 22:47:43,CoinDesk,"Stricter MiCA rules could thin crypto industry across the EU, says Swiss wealth manager",https://www.coindesk.com/policy/2026/03/12/stricter-mica-rules-could-thin-crypto-industry-across-the-european-union-swissborg-says
2026-03-06 15:48:02,Skift,Has Europe’s Cleanest Jet Fuel Plant Got Bankability?,https://skift.com/2026/03/06/has-europes-cleanest-jet-fuel-plant-got-bankability/
2026-03-22 20:58:01,Nikonrumors.com,Nikon quietly extends warranty coverage in some European countries,https://nikonrumors.com/2026/03/22/nikon-quietly-extends-warranty-coverage-in-some-european-countries.aspx/
2026-03-17 14:41:24,RT,Senior EU official rebukes Zelensky over Orban threat,https://www.rt.com/news/635326-orban-eu-rebuke-zelensky/
2026-03-14 19:34:00,Slashdot.org,"Should Keycaps Use Text or Glyphs for Delete, Return, Tab, Caps Lock, and Shift?",https://apple.slashdot.org/story/26/03/14/1818213/should-keycaps-use-text-or-glyphs-for-delete-return-tab-caps-lock-and-shift
2026-03-07 21:07:00,Slashdot.org,Astronomers Think They've Spotted a Galaxy That's 99.9% Dark Matter,https://science.slashdot.org/story/26/03/07/0753224/astronomers-think-theyve-spotted-a-galaxy-thats-999-dark-matter
2026-03-23 19:00:00,Slashdot.org,US Car Buyers Envy What They Cannot Have: Affordable Chinese EVs,https://tech.slashdot.org/story/26/03/23/1829217/us-car-buyers-envy-what-they-cannot-have-affordable-chinese-evs
2026-03-01 23:46:00,Slashdot.org,Norway's Consumer Council Calls for Right to Repair and Antitrust Enforcement - and Mocks 'Enshittification',https://news.slashdot.org/story/26/03/01/2332240/norways-consumer-council-calls-for-right-to-repair-and-antitrust-enforcement---and-mocks-enshittification
2026-03-01 17:34:00,Slashdot.org,North America's Bird Populations Are Shrinking Faster. Blame Climate Change and Agriculture,https://news.slashdot.org/story/26/03/01/0332257/north-americas-bird-populations-are-shrinking-faster-blame-climate-change-and-agriculture
2026-03-07 07:00:00,Slashdot.org,Asteroid 2024 YR4 Will Not Impact the Moon,https://science.slashdot.org/story/26/03/07/0028222/asteroid-2024-yr4-will-not-impact-the-moon
2026-03-03 21:00:00,Slashdot.org,Meta's AI Display Glasses Reportedly Share Intimate Videos With Human Moderators,https://yro.slashdot.org/story/26/03/03/1926214/metas-ai-display-glasses-reportedly-share-intimate-videos-with-human-moderators
2026-03-28 07:00:00,Slashdot.org,UK Startup Ignites Plasma Inside Nuclear Fusion Rocket,https://science.slashdot.org/story/26/03/28/0217238/uk-startup-ignites-plasma-inside-nuclear-fusion-rocket
2026-03-16 22:46:00,The Atlantic,J. D. Vance Learns What Mike Pence Already Knows,https://www.theatlantic.com/newsletters/2026/03/vance-pence-trump/686412/
2026-03-10 17:18:36,RT,EU bosses split over US-Israeli war against Iran,https://www.rt.com/news/634398-eu-bosses-split-iran/
2026-03-05 13:48:05,RT,EU unlikely to extend temporary protection for Ukrainians – envoy,https://www.rt.com/news/633881-eu-unlikely-extend-ukraine-protection/
2026-03-25 09:00:00,CoinDesk,Crypto broker Bitpanda launches blockchain to connect EU banks with tokenized assets,https://www.coindesk.com/business/2026/03/25/crypto-broker-bitpanda-launches-blockchain-to-connect-eu-banks-with-tokenized-assets
2026-03-20 00:01:51,BBC News,Sir John Curtice: Why Labour's Brexit focus has shifted from Leavers to Remainers,https://www.bbc.com/news/articles/c4gjn1d74jlo
2026-03-10 04:02:54,Business Insider,"Ukraine says it's fought over 57,000 Shaheds. Now, the US and its allies are clamoring for help with the same battle.",https://www.businessinsider.com/ukraine-interceptor-drone-shaheds-filed-requests-us-allies-iran-war-2026-3
2026-03-16 00:29:01,Business Insider,I started going to raves alone at 35. I learned so much about myself by doing so.,https://www.businessinsider.com/i-thought-i-was-too-old-to-rave-at-35-2026-3
2026-03-02 11:36:26,Business Insider,Global airline stocks are plunging after Iran attacks triggered widespread travel chaos,https://www.businessinsider.com/airline-stocks-plunge-as-iran-strikes-cause-mass-travel-disruption-2026-3
2026-03-21 11:39:01,Business Insider,My family moved from California to a small town in France. We can save money and work less to afford our lifestyle here.,https://www.businessinsider.com/moved-from-california-to-france-saving-money-working-less-2026-3
2026-03-28 09:32:01,Business Insider,Inside NATO's 'Sentry' missions and the urgent drive to ready for new threats,https://www.businessinsider.com/inside-nato-sentry-missions-urgent-drive-ready-for-new-threats-2026-3
2026-03-04 16:54:05,Business Insider,We answered 11 big questions about the Paramount-WBD deal and what happens next,https://www.businessinsider.com/paramount-wbd-deal-questions-regulatory-approval-timeline-netflix-david-ellison-2026-3
2026-03-26 14:31:53,RT,Hungary probes EU-funded journalist for espionage,https://www.rt.com/news/636298-hungary-espionage-journalist-szijjarto/
2026-03-19 15:28:37,RT,EU threatens Hungary over Ukraine loan – Politico,https://www.rt.com/news/635533-eu-hungary-ukraine-loan/
2026-03-11 09:07:10,RT,EU members could loan billions directly to Kiev – Politico,https://www.rt.com/news/634476-eu-loan-ukraine-hungary/
2026-03-05 18:01:18,RT,Putin warning fuels calls in EU to drop sanctions,https://www.rt.com/business/633876-russian-gas-warning-putin-eu/
2026-03-15 01:34:23,RT,Belgian PM urges EU to negotiate with Russia,https://www.rt.com/news/635020-deal-with-russia-belgian-pm/
2026-03-23 15:28:50,RT,EU ‘at end of queue’ for Russian energy – Putin envoy,https://www.rt.com/news/635913-eu-russian-energy-dmitriev/
2026-03-17 21:14:40,RT,How Zelensky’s ‘oil blockade’ against EU states backfired on Ukraine,https://www.rt.com/news/635351-ukraine-oil-eu-pipeline/
2026-03-24 19:30:41,RT,US threatening EU energy supply to push through trade deal,https://www.rt.com/business/636081-us-eu-energy-trade-deal/
2026-03-09 15:32:45,RT,EU chief avoids condemning US-Israeli war on Iran,https://www.rt.com/news/634264-von-der-leyen-fails-condemn-iran-war/
2026-03-13 17:51:16,RT,The EU never learns – except for the wrong lessons,https://www.rt.com/news/634844-eu-never-learns-iran/
2026-03-17 20:46:42,RT,EU and NATO leadership ‘worst in decades’ – El Pais oped,https://www.rt.com/news/635335-eu-leadership-crisis-iran-war/
2026-03-13 15:43:28,RT,EU divided on Iran war: Energy fears and security risks escalate across Europe,https://www.rt.com/news/634812-tehrans-warning-to-brussels/
2026-03-26 18:42:10,RT,Iran war exposes rift between Europeans and their leaders – MEP,https://www.rt.com/news/636264-kennes-eu-iran-divide-sanchez/
2026-03-06 05:16:24,Al Jazeera English,"Iran targets Israeli embassy in Bahrain, Saudi Arabia intercepts missile",https://www.aljazeera.com/news/2026/3/6/iran-targets-israeli-embassy-in-bahrain-saudi-arabia-intercepts-missile
2026-03-05 03:06:04,Nikonrumors.com,Nikon US rebates for March,https://nikonrumors.com/2026/03/04/nikon-us-rebates-for-march.aspx/
2026-03-11 14:00:47,New Scientist,Why the world's militaries are scrambling to create their own Starlink,https://www.newscientist.com/article/2517766-why-the-worlds-militaries-are-scrambling-to-create-their-own-starlink/
2026-03-14 10:12:00,Android Central,"Instagram says your chat privacy is going away, as its encryption vanishes soon",https://www.androidcentral.com/apps-software/meta/instagram-says-your-chat-privacy-is-going-away-as-its-encryption-vanishes-soon
2026-03-07 16:05:00,Android Central,"I used the TCL NXTPAPER 70 Pro's e-paper display, and I can't wait for the US launch next month",https://www.androidcentral.com/phones/tcl/i-used-the-tcl-nxtpaper-70-pros-e-paper-display-and-i-cant-wait-for-the-us-launch-next-month
2026-03-03 14:28:24,Android Central,"MWC 2026: Motorola unveils the Moto Buds 2, Buds 2 Plus with hi-res sound and long battery life",https://www.androidcentral.com/phones/motorola/mwc-2026-motorola-unveils-the-moto-buds-2-buds-2-plus-with-hi-res-sound-and-long-battery-life
2026-03-18 09:05:00,Android Central,Google's Gemini for Home is finally useful enough to not drive you crazy,https://www.androidcentral.com/apps-software/googles-gemini-for-home-is-finally-useful-enough-to-not-drive-you-crazy
2026-03-20 07:17:00,Android Central,Good news for Samsung fans: One UI 8.5 could land on Galaxy S24 and FE phones soon,https://www.androidcentral.com/phones/samsung-galaxy/one-ui-8-5-could-be-here-soon-for-galaxy-s24-and-fe-users
2026-03-11 11:18:50,Android Central,Your Google Pixel has a new Transit mode: Here's how to use it,https://www.androidcentral.com/phones/google-pixel/google-pixel-has-a-new-transit-mode
2026-03-16 11:36:34,Android Central,The Fairphone 6 is getting Android 16 earlier than expected,https://www.androidcentral.com/phones/the-fairphone-6-is-getting-android-16-earlier-than-expected
2026-03-06 12:14:00,Android Central,The Tecno Camon 50 Ultra is a Galaxy S26 Ultra look-alike stuffed to the brim with AI,https://www.androidcentral.com/phones/tecno-phones/tecno-camon-50-series-launch
2026-03-02 19:48:32,Android Central,Honor's Robot Phone is one of the strangest (and coolest) things I've seen at MWC 2026,https://www.androidcentral.com/phones/honor-phones/i-saw-honor-robot-phone
2026-03-03 19:00:00,Android Central,Pixel Drop: March is off to the races with fresh Pixel updates for phones and watches,https://www.androidcentral.com/phones/google-pixel/pixel-drop-march-is-off-to-the-races-with-fresh-pixel-updates-for-phones-and-watches
2026-03-24 18:50:27,Android Central,OPPO Find N6 vs. Samsung Galaxy Z Fold 7: We have a clear winner,https://www.androidcentral.com/phones/oppo-phones/oppo-find-n6-vs-samsung-galaxy-z-fold-7
2026-03-21 15:06:41,Tom's Hardware UK,Nintendo Switch 2 overhaul could bring a removable battery — new revision aims to comply with the EU's Right to Repair regulations,https://www.tomshardware.com/video-games/handheld-gaming/nintendo-switch-2-overhaul-could-bring-a-removable-battery-new-revision-aims-to-comply-with-the-eus-right-to-repair-regulations
2026-03-19 12:17:02,MIT Technology Review,"The Download: Quantum computing for health, and why the world doesn’t recycle more nuclear waste",https://www.technologyreview.com/2026/03/19/1134413/the-download-quantum-computing-health-recycling-nuclear-waste/
2026-03-19 20:39:08,RT,EU faces energy price ‘tsunami’ – Putin envoy,https://www.rt.com/news/635565-eu-energy-tsunami-dmitriev/
2026-03-24 11:38:59,BBC News,Complaint filed over World Cup ticket prices,https://www.bbc.com/sport/football/articles/clyx27vv7rno
2026-03-11 14:00:00,CNET,VPN Prices Can Be Confusing. Here’s How to Cut Through the Fog and Find the True Cost of Your VPN,https://www.cnet.com/tech/services-and-software/how-to-find-the-true-cost-of-your-vpn/
2026-03-05 10:26:36,CNET,I Want This Twisted Firestarter Smartphone in My Camping Essentials,https://www.cnet.com/tech/mobile/fire-lighting-smartphone-camping-essentials/
2026-03-03 19:01:14,CNET,Pixel Watch Now Warns of Earthquakes and Left-Behind Phones,https://www.cnet.com/tech/mobile/pixel-watch-updates-earthquakes-alerts-phone-left-behind-payments/
2026-03-05 13:05:14,CNET,"Watch Out, Meta. I Tried Alibaba's Qwen Smart Glasses and They're Mega Impressive",https://www.cnet.com/tech/mobile/alibaba-launches-qwen-ai-smart-glasses-at-mwc-2026/
2026-03-06 17:00:48,CNET,La Liga Soccer: Stream Celta Vigo vs. Real Madrid Live From Anywhere,https://www.cnet.com/tech/services-and-software/la-liga-soccer-stream-celta-vigo-vs-real-madrid-live-from-anywhere/
2026-03-02 21:03:00,CNET,WhatsApp Advises Users to Try Mullvad and Amnezia VPNs to Circumvent Blocks,https://www.cnet.com/tech/services-and-software/whatsapp-names/
2026-03-05 00:00:42,CNET,Some of the Wildest Gadgets at MWC Rarely See Life Beyond Barcelona. What Happened to Them?,https://www.cnet.com/tech/mobile/mwc-phones-and-gadgets-where-are-they-now/
2026-03-05 01:48:44,CNET,RAM Shortage Could Kill Budget Phones: The Latest Predictions at MWC 2026,https://www.cnet.com/tech/mobile/ram-shortage-could-kill-budget-phones-the-latest-predictions-at-mwc-2026/
2026-03-17 12:00:00,CNET,"I Love How Skinny Oppo's Foldable Phone Is, but I Hate That I Can't Buy It",https://www.cnet.com/tech/mobile/oppo-find-n6-foldable-review/
2026-03-16 12:00:37,CNET,iPhone 17E Review: The Appeal Is Magnetic (and Pink),https://www.cnet.com/tech/mobile/apple-iphone-17e-review/
2026-03-17 18:06:00,CNET,"Teen Girls Sue xAI, Alleging 'Devastating' Harm From Grok AI Child Porn",https://www.cnet.com/tech/services-and-software/grok-ai-deepfake-porn-teen-girls-lawsuit-march-2026/
2026-03-18 17:00:43,CNET,Champions League Soccer: Stream Tottenham vs. Atletico Madrid Live,https://www.cnet.com/tech/services-and-software/champions-league-soccer-stream-tottenham-vs-atletico-madrid-live/
2026-03-06 21:15:52,CNET,"Can You Run ChatGPT on a Dumb Phone? It Turns Out Yes, but With Caveats",https://www.cnet.com/tech/mobile/chatgpt-on-dumb-phone/
2026-03-10 17:02:05,CNET,Champions League Playoff Soccer: Stream Newcastle vs. Barcelona Live From Anywhere,https://www.cnet.com/tech/services-and-software/champions-league-playoff-soccer-stream-newcastle-vs-barcelona-live-from-anywhere/
2026-03-04 17:15:49,CNET,Premier League Soccer 2026: Stream Newcastle vs. Man United Live,https://www.cnet.com/tech/services-and-software/premier-league-soccer-2026-stream-newcastle-vs-man-united-live/
2026-03-07 17:00:46,CNET,La Liga Soccer: Stream Athletic Bilbao vs. Barcelona Live From Anywhere,https://www.cnet.com/tech/services-and-software/la-liga-soccer-stream-athletic-bilbao-vs-barcelona-live-from-anywhere/
2026-03-17 17:01:10,CNET,Champions League Playoff Soccer: Stream Chelsea vs. PSG Live,https://www.cnet.com/tech/services-and-software/champions-league-playoff-soccer-stream-chelsea-vs-psg-live/
2026-03-17 17:00:42,CNET,Champions League Playoff Soccer: Stream Man City vs. Real Madrid Live,https://www.cnet.com/tech/services-and-software/champions-league-playoff-soccer-stream-man-city-vs-real-madrid-live/
2026-03-27 20:07:29,CNET,Meta Gets Called Out by Its Own Oversight Board Over Expanding Community Notes,https://www.cnet.com/tech/services-and-software/meta-gets-called-out-by-its-own-oversight-board-over-expanding-community-notes/
2026-03-18 17:15:15,Hackaday,"Hackaday Europe Tickets On Sale Now, CFP Extended",https://hackaday.com/2026/03/18/hackaday-europe-tickets-on-sale-now-cfp-extended/
2026-03-09 20:45:20,Yanko Design,"This Ergonomic Mouse Tracks Your Heart Rate, Telling You To Take A Break Before You Experience Burnout",https://www.yankodesign.com/2026/03/09/this-ergonomic-mouse-tracks-your-heart-rate-telling-you-to-take-a-break-before-you-experience-burnout/
2026-03-17 16:50:16,Business Insider,What smart people in markets are saying about the potential for the SEC to scrap quarterly reporting requirements for companies,https://www.businessinsider.com/sec-quarterly-reporting-plan-earnings-stock-market-transparency-investors-2026-3
2026-03-17 03:23:42,CleanTechnica,Let’s Not Pour Cold Water on the EU Car Industry’s EV Momentum,https://cleantechnica.com/2026/03/16/lets-not-pour-cold-water-on-the-eu-car-industrys-ev-momentum/
2026-03-24 10:32:12,Windows Central,Microsoft could be OpenAI's biggest partner and most substantial IPO risk — raising investor concerns over future valuation,https://www.windowscentral.com/artificial-intelligence/microsoft-could-be-openai-biggest-ipo-risk
2026-03-18 15:03:57,Windows Central,Microsoft is reportedly considering suing OpenAI after Amazon’s $50B deal shakes their “exclusive” partnership,https://www.windowscentral.com/microsoft/microsoft-is-reportedly-considering-suing-openai-after-amazons-usd50b-deal-shakes-their-exclusive-partnership
2026-03-19 20:05:55,RT,Zelensky issues new deadline demand to EU,https://www.rt.com/russia/635574-zelensky-eu-membership-date/
2026-03-13 15:33:16,RT,EU rules on IDs of transgender citizens,https://www.rt.com/news/634853-transgender-eu-bulgaria-id/
2026-03-18 13:21:58,RT,EU nation planning ‘fuel tourism’ crackdown,https://www.rt.com/business/635403-slovakia-diesel-price-hike/
2026-03-17 15:53:58,RT,Nazis honored in EU country’s capital,https://www.rt.com/news/635314-nazis-honored-march-latvia/
2026-03-13 10:54:39,RT,EU member calls for removal of Kallas,https://www.rt.com/news/634800-fico-kallas-replacement/
2026-03-11 14:36:00,ARTnews,European Union Threatens To Withdraw Funding For Venice Biennale If Russia Is Allowed To Participate,https://www.artnews.com/art-news/news/venice-biennale-russian-pavilion-eu-threatens-funding-1234776850/#new_tab
2026-03-25 13:17:16,RT,Hungary shrugs off EU criticism over contact with Russia and China,https://www.rt.com/news/636154-hungary-russia-china-eu/
2026-03-26 18:28:57,RT,Most powerful energy crisis in human history is looming – Putin envoy,https://www.rt.com/news/636290-eu-uk-energy-crisis/
2026-03-04 20:10:10,RT,Hungary will block ‘every’ EU decision on Ukraine over ‘oil blockade’ – Orban,https://www.rt.com/news/633785-ukraine-hungary-russian-oil/
2026-03-20 19:46:51,RT,Battle for Hungary: How the EU plans to defeat Viktor Orban,https://www.rt.com/news/635670-eu-hungary-election-interference/
2026-03-16 09:24:16,The Indian Express,‘It is better that we coordinate and get a solution’: Jaishankar hopeful Iran talks will ease Hormuz route for Indian ships,https://indianexpress.com/article/india/it-is-better-that-we-coordinate-and-get-a-solution-jaishankar-hopeful-iran-talks-will-ease-hormuz-route-for-indian-ships-10584690/
2026-03-18 09:38:02,Search Engine Journal,"SEO Test Shows It’s Trivial To Rank Misinformation On Google via @sejournal, @martinibuster",https://www.searchenginejournal.com/seo-test-shows-its-trivial-to-rank-misinformation-on-google/569980/
2026-03-27 20:44:19,PetaPixel,Rushes Is a New Creator-Focused Vimeo Alternative,https://petapixel.com/2026/03/27/rushes-is-a-new-creator-focused-vimeo-alternative/
2026-03-02 11:22:35,Codeberg.org,"Libxml2 Enterprise Edition (AGPL, from the previous maintainer)",https://codeberg.org/nwellnhof/libxml2-ee
2026-03-19 19:35:37,Github.com,No AI in Node.js Core,https://github.com/indutny/no-ai-in-nodejs-core
2026-03-17 16:18:13,Kotaku,Hunting Nazis Makes For Very Satisfying Detective Work In The Ratline,https://kotaku.com/the-ratline-hunt-nazis-owlskip-indie-of-the-week-pc-steam-2000679595
2026-03-13 21:07:02,TidBITS,Apple Reduces Chinese App Store Fees Without the EU Drama,https://tidbits.com/2026/03/13/apple-reduces-chinese-app-store-fees-without-the-eu-drama/
2026-03-09 13:06:43,Eurogamer.net,"""That would be a really big problem"" - a specialist lawyer weighs in on New York suing Valve over Counter Strike 2 and Dota 2 loot boxes",https://www.eurogamer.net/that-would-be-a-really-big-problem-a-specialist-lawyer-weighs-in-on-new-york-suing-valve-over-counter-strike-2-and-dota-2-loot-boxes
2026-03-18 11:27:30,NPR,"The Fed to meet about interest rates. And, Sen. Mullin faces DHS confirmation hearing",https://www.npr.org/2026/03/18/g-s1-114267/up-first-newsletter-iran-israel-war-fed-rate-cuts-markwayne-mullin-kalshi-arizona
2026-03-11 14:24:18,NPR,Countries agree to historic release of stockpiled oil to ease the global shortage,https://www.npr.org/2026/03/11/nx-s1-5743816/iran-war-oil-reserves-iea
2026-03-03 21:50:04,NPR,The 2026 World Cup faces big challenges with only 100 days to go,https://www.npr.org/2026/03/03/nx-s1-5733993/fifa-world-cup-iran-war-us-canada-mexico
2026-03-16 09:00:00,NPR,"As parents clamor for a treatment touted for autism, doctors hesitate to prescribe it",https://www.npr.org/2026/03/16/nx-s1-5742676/leucovorin-autism-parents-treatment-prescribe
2026-03-14 15:35:42,NPR,"Russian strike on Kyiv region kills 4 and wounds 15, with peace talks stalled",https://www.npr.org/2026/03/14/nx-s1-5747959/russian-strike-kyiv-region
2026-03-13 17:12:25,NPR,"How Italy became the darlings (and contenders, too) of the World Baseball Classic",https://www.npr.org/2026/03/13/nx-s1-5745919/world-baseball-classic-italy-espresso
2026-03-22 13:25:30,NPR,Inside a rare lab that's blazing a bold trail as it hunts for new drugs,https://www.npr.org/2026/03/22/g-s1-114038/new-drugs-health-medicine-africa-tuberculosis-measles
2026-03-24 05:43:51,NPR,UK police probe possible Iran link after Jewish charity ambulances set on fire,https://www.npr.org/2026/03/24/g-s1-114920/uk-police-probe-possible-iran-link-after-jewish-charity-ambulances-set-on-fire
2026-03-28 10:00:00,NPR,Crossing the line: Emotional abuse in college sports,https://www.npr.org/2026/03/28/g-s1-114976/crossing-the-line-emotional-abuse-in-college-sports-marta-marija-galic
2026-03-09 09:44:22,NPR,World shares tumble as Iran war pushes crude prices over $110 a barrel,https://www.npr.org/2026/03/09/nx-s1-5742307/world-shares-tumble-iran-war
2026-03-06 19:18:49,NPR,Middle East conflicts largely avoided energy facilities in the past. Not in this war,https://www.npr.org/2026/03/06/nx-s1-5736593/middle-east-iran-energy-lng
2026-03-17 14:02:17,NPR,Geopolitics may test the World Cup — a new book draws lessons from the past,https://www.npr.org/2026/03/17/nx-s1-5750358/we-are-the-world-cup-book-review
2026-03-06 20:17:20,NPR,"Oil surges to its highest price since 2023, and stocks drop after U.S. jobs report",https://www.npr.org/2026/03/06/g-s1-112788/oil-prices-stocks-jobs-report
2026-03-16 09:00:00,NPR,Oil and gas prices are soaring. Some countries are ready with solar panels and EVs,https://www.npr.org/2026/03/16/nx-s1-5732984/energy-iran-war-solar-pakistan-crisis-renewable-evs
2026-03-19 15:37:32,NPR,'Movement never lies': 100 years of the Martha Graham Dance Company,https://www.npr.org/2026/03/19/nx-s1-5683079/martha-graham-dance-company-100-years-centennial
2026-03-25 12:12:54,NPR,"Yep, a mom's COVID shot during pregnancy protects her baby, a large study finds",https://www.npr.org/2026/03/25/nx-s1-5759732/covid-vaccination-pregnancy-safety-efficacy
2026-03-20 05:59:55,NPR,Cuba readies for first Russian oil shipment of the year as energy crisis deepens,https://www.npr.org/2026/03/20/g-s1-114535/cuba-readies-for-first-russian-oil-shipment-of-the-year-as-energy-crisis-deepens
2026-03-28 09:00:00,NPR,Does the U.S. have a chance in the World Cup? 2 important games will provide clues,https://www.npr.org/2026/03/28/nx-s1-5764272/world-cup-usmnt-us-soccer-belgium-portugal
2026-03-19 17:34:10,Business Insider,Top economist Steve Hanke says Iran is channeling Muhammad Ali — and could deal a 'knockout blow' to the US,https://www.businessinsider.com/oil-prices-crude-lng-iran-brent-steve-hanke-ali-hormuz-2026-3
2026-03-13 05:35:13,Business Insider,Iran's Shahed war is turning into a booming business for the world's small drone manufacturers,https://www.businessinsider.com/iran-shahed-drone-interceptor-booming-business-manufacturers-middle-east-t2026-3
2026-03-11 22:45:18,Business Insider,NBCUniversal is planning to lay off dozens of employees as the African streamer Showmax shuts down,https://www.businessinsider.com/nbcuniversal-lays-off-employees-showmax-south-african-streamer-shuts-down-2026-3
2026-03-10 10:03:01,Business Insider,"Dubai's status as a global hub is at risk, as the Iran conflict is already disrupting travel beyond the Middle East",https://www.businessinsider.com/dubai-safe-travel-hub-airan-war-fuel-prices-route-changes-2026-3
2026-03-11 06:01:35,Business Insider,Inside the stadium where one of K-pop's biggest boy bands kicked off a new leg of their world tour,https://www.businessinsider.com/inside-seventeen-stadium-concert-singapore-2026-3
2026-03-05 18:58:51,Business Insider,"These airlines are sending rescue flights to the Middle East, where thousands of travelers remain stuck",https://www.businessinsider.com/these-airlines-are-sending-rescue-flights-to-the-middle-east-2026-3
2026-03-18 17:39:50,Business Insider,"Ukraine says it can arm allies with 1,000 anti-Shahed interceptors a day, maybe more, if it gets more investment",https://www.businessinsider.com/ukraine-says-can-supply-interceptors-allies-stop-drone-attacks-investment-2026-3
2026-03-18 18:30:18,Business Insider,These 20 airports don't use TSA screeners and are avoiding the travel chaos,https://www.businessinsider.com/these-20-airports-dont-use-tsa-screeners-2026-3
2026-03-15 11:48:01,Business Insider,"He didn't want to move away from his friends, so he built them an apartment building. Now, they all own it.",https://www.businessinsider.com/co-housing-man-builds-apartment-complex-for-family-friends-2026-3
2026-03-14 09:48:01,Business Insider,My wife and I built a tiny home in our 60s. The downsides are worth it to live mortgage-free.,https://www.businessinsider.com/couple-60s-built-tiny-home-mortgage-free-pros-cons-2026-2
2026-03-05 20:30:31,Business Insider,Baz Luhrmann found 65 reels of lost Elvis Presley footage in Kansas salt mines,https://www.businessinsider.com/baz-luhrmann-elvis-presley-documentary-footage-interview-2026-3
2026-03-06 17:25:39,Business Insider,Harry Styles wants to be an ordinary guy. That's the problem.,https://www.businessinsider.com/harry-styles-kiss-all-the-time-disco-occasionally-album-review-2026-3
2026-03-07 08:11:01,Business Insider,"The new era of drone warfare is creating a new level of risk for civilians, even when they're not the target",https://www.businessinsider.com/new-level-drone-warfare-new-risk-civilians-ukraine-russia-iran-2026-3
2026-03-07 16:59:50,Business Insider,"The US is sending a new drone-killer to the Middle East. It's logged over 1,000 Shahed intercepts over Ukraine.",https://www.businessinsider.com/merops-middle-east-iran-drones-shaheds-surveyor-us-military-2026-3
2026-03-02 07:24:54,Business Insider,Tons of goods are stuck around the Middle East amid shipping and air chaos,https://www.businessinsider.com/iran-strikes-middle-east-shipping-air-cargo-freight-impact-3
2026-03-02 20:58:15,Business Insider,Airlines are being squeezed into this sliver of sky as much of the Middle East joins Russia on the airspace no-fly list,https://www.businessinsider.com/airlines-are-using-narrow-corridor-to-skirt-closed-airspace-2026-3
2026-03-01 16:38:54,Business Insider,Fighting with Iran has spread to tankers at sea. Ships are coming under fire around the busy Strait of Hormuz.,https://www.businessinsider.com/fight-iran-spread-oil-tankers-vessels-strait-of-hormuz-2026-3
2026-03-26 09:07:01,Business Insider,The US military is pushing up production for the weapons that could matter most in a major war,https://www.businessinsider.com/us-ramping-up-production-of-weapons-critical-for-major-war-2026-3
2026-03-24 04:04:53,Business Insider,"Laura Dern, 59, says getting older changed what she finds 'sexy'",https://www.businessinsider.com/laura-dern-aging-confidence-sexuality-hollywood-beauty-standards-2026-3
2026-03-26 09:30:01,Business Insider,"Total air defense is effectively impossible. In a major war, the West may have to make hard choices.",https://www.businessinsider.com/new-threats-air-defense-challenges-force-hard-choices-2026-3
2026-03-23 17:15:40,Business Insider,"The US Navy's most advanced aircraft carrier has pulled into port after months at sea facing combat, fire, and plumbing problems",https://www.businessinsider.com/us-navy-most-advanced-aircraft-carrier-long-deployment-port-2026-3
2026-03-27 10:11:01,Business Insider,"Abercrombie & Fitch ex-CEO is fit for sex trafficking trial— and he's funny, too, prison doctor tells judge",https://www.businessinsider.com/prison-doctor-testifies-ex-abercrombie-ceo-mike-jeffries-mentally-fit-2026-3
2026-03-27 12:28:01,Business Insider,"Wedding trends that are in and out for 2026, according to wedding planners",https://www.businessinsider.com/popular-wedding-trends-colors-dresses-2026-3
2026-03-28 09:00:01,Business Insider,China's 'one-person companies' have exploded. An Alibaba exec explains how AI agents make that possible.,https://www.businessinsider.com/ai-agents-one-person-companies-china-openclaw-alibaba-president-2026-3
2026-03-01 14:07:01,Business Insider,I've traveled to Italy annually for the past 15 years. I always skip Capri for this neighboring island instead.,https://www.businessinsider.com/skip-italy-famous-islands-where-to-go-ischia-tips-2026-3
2026-03-04 12:18:36,Business Insider,"My flight U-turned midair as war broke out in the Middle East. Now I'm stranded in Doha, and it feels like the early days of Covid.",https://www.businessinsider.com/stuck-in-doha-middle-east-turmoil-flight-turned-back-midair-2026-3
2026-03-02 22:21:58,Business Insider,"How wealthy people are getting out of the Middle East: $200,000 charter flights and chauffeured drives across borders",https://www.businessinsider.com/wealthy-people-dubai-abu-dhabi-chartering-planes-evacuate-middle-east-2026-3
2026-03-04 10:05:01,Business Insider,"We're sisters, best friends, and co-CEOs. Here's a day in our lives running our dental tech company.",https://www.businessinsider.com/day-in-the-life-haley-goly-abivardi-vvardis-power-hours-2026-3
2026-03-03 14:57:43,Business Insider,What countries are doing to get their citizens home as the Iran war wreaks havoc on Middle East travel,https://www.businessinsider.com/iran-war-how-countries-getting-citizens-home-middle-east-flights-2026-3
2026-03-25 06:14:38,Business Insider,The Iran war could end up helping China's economy — despite the short-term pain,https://www.businessinsider.com/iran-war-china-economy-benefits-oil-renewables-petrodollar-2026-3
2026-03-16 11:47:42,Business Insider,MAPPED: 65 planes were diverted as a drone strike caused flight chaos at Dubai Airport once again,https://www.businessinsider.com/dubai-airport-fire-65-flights-diverted-mapped-2026-3
2026-03-19 15:29:04,Business Insider,What smart people are saying about oil's latest spike to nearly $120 a barrel,https://www.businessinsider.com/oil-price-shock-iran-qatar-lng-gas-smart-people-krugman-2026-3
2026-03-09 08:27:01,Business Insider,"17 creator-economy startups to watch in 2026, according to VCs",https://www.businessinsider.com/creator-economy-ai-startups-to-watch-according-vc-investors-2026-3
2026-03-12 09:37:01,Business Insider,"Watch out, prediction markets. The 'super apps' are coming.",https://www.businessinsider.com/next-summit-prediction-markets-super-apps-2026-3
2026-03-17 13:35:56,Business Insider,Flying has turned into a fiasco,https://www.businessinsider.com/bi-today-newsletter-airtravel-difficult-tsa-2026-3
2026-03-16 00:00:01,Business Insider,A Hilton GM who leads a 500-member team said he wants interviewees to do more of one thing,https://www.businessinsider.com/hilton-singapore-gm-michael-janssen-hospitality-interview-tips-2026-3
2026-03-16 17:02:24,Business Insider,One Ukrainian operation holds some of the most important lessons for the West as it readies for future drone wars,https://www.businessinsider.com/one-ukraine-operation-shows-drone-lessons-western-militaries-need-2026-3
2026-03-08 09:15:01,Business Insider,The under-the-radar books early retirees and savvy investors are reading to get ahead,https://www.businessinsider.com/top-money-book-recommendations-retire-early-financial-independence-fire-2026-3
2026-03-26 18:58:47,Business Insider,I lived in Italy for 8 years. These 6 places in the US make me feel like I'm back in my favorite Italian cities.,https://www.businessinsider.com/us-cities-that-look-like-italy-dolomites-venice-tuscany-2026-3
2026-03-02 09:17:01,Business Insider,"From Iran to Venezuela to New York, Trump wants to control the world's oil",https://www.businessinsider.com/trump-energy-dominance-oil-iran-venezuela-2026-2
2026-03-10 14:03:24,Business Insider,"Many rave about the gondola rides in Venice, but they paled in comparison to another water-based activity from our trip",https://www.businessinsider.com/rowing-lesson-venice-better-than-gondola-ride-family-italy-2026-3
2026-03-10 20:56:02,Business Insider,"Israeli president defends war with Iran, says targeted oil sites were 'not the oil reserves of the people'",https://www.businessinsider.com/israeli-president-interview-defends-war-targeting-iran-oil-sites-2026-3
2026-03-12 12:03:05,Business Insider,Oil spikes are pushing airlines to hike ticket prices. These carriers have already raised fares or canceled flights.,https://www.businessinsider.com/airlines-raise-prices-cancel-flights-due-to-fuel-costs-2026-3
2026-03-04 14:59:37,Business Insider,"I moved from the US to Ireland. I'm so happy with my choice, but there are a few things I wish I'd known before relocating.",https://www.businessinsider.com/moving-to-ireland-from-united-states-things-to-know-advice-2026-3
2026-03-06 11:30:59,Business Insider,Jobs report updates: What to expect after last month's surprisingly robust job surge,https://www.businessinsider.com/jobs-report-february-data-live-updates-2026-3
2026-03-06 11:21:52,Business Insider,The narrow corridor planes are being pushed through to avoid the Middle East just got even narrower,https://www.businessinsider.com/narrow-flight-corridor-shrinks-after-azerbaijan-hit-by-drones-2026-3
2026-03-04 14:45:01,Business Insider,"I've lived in and visited so many of America's biggest cities, but these 6 small towns have really won me over",https://www.businessinsider.com/favorite-small-towns-to-visit-in-us-frequent-traveler-2026-3
2026-03-02 10:37:01,Business Insider,McKinsey's newest partners share their best advice for climbing the ranks at the consulting firm,https://www.businessinsider.com/mckinsey-new-partners-advice-tips-consulting-2026-2
2026-03-11 14:26:44,Business Insider,"Flights to the Middle East have resumed, but travel chaos is nowhere near over",https://www.businessinsider.com/flight-chaos-iran-war-air-travel-ticket-price-cancellation-diversion-2026-3
2026-03-15 09:44:01,Business Insider,I'm representing Team USA in the Paralympics. It feels like the world is finally paying attention to us.,https://www.businessinsider.com/paralympian-career-change-nordic-skiing-2026-3
2026-03-23 09:30:01,Business Insider,"Abercrombie & Fitch ex-CEO has dementia and could 'blurt out' during sex trafficking trial, defense to argue this week",https://www.businessinsider.com/abercrombie-and-fitch-ceo-michael-jefferies-competency-hearing-sex-trafficking-2026-3
2026-03-24 04:01:01,Business Insider,Tech recruiters share what's happening to hiring in the Middle East: 'I've honestly never seen it this quiet',https://www.businessinsider.com/tech-recruiters-hiring-scene-middle-east-war-iran-dubai-expats-2026-3
2026-03-18 19:01:01,Business Insider,"These are the world's best airports as rated by travelers. Asia dominates, but the US is nowhere to be seen.",https://www.businessinsider.com/worlds-best-airports-top-10-as-ranked-by-passengers-2026-3
2026-03-20 13:16:14,Business Insider,"An 80-year-old was scammed out of $285,000. His computer was accessed remotely, and his money turned into cryptocurrency.",https://www.businessinsider.com/senior-scammed-wants-schwab-repay-funds-prevented-the-fraud-2026-3
2026-03-25 19:24:20,Business Insider,March has been a brutal month for macro hedge funds — with one notable exception,https://www.businessinsider.com/bridgewater-flagship-avoided-significant-pain-march-macro-performance-2026-3
2026-03-28 11:46:01,Business Insider,"I moved from Texas to Italy to retire. I'm saving over $20,000 a year on healthcare, and life is cheaper and calmer overall.",https://www.businessinsider.com/moved-from-texas-to-italy-retire-saving-healthcare-costs-2026-3
2026-03-18 05:43:38,Yahoo Entertainment,Irish premier defends Starmer and tells Donald Trump he can work with European leaders on Iran,https://consent.yahoo.com/v2/collectConsent?sessionId=1_cc-session_718eea74-670a-4d59-8406-636c988dbdc0
2026-03-20 19:37:31,Yahoo Entertainment,"As the US shifts missiles towards Iran, officials raise concerns of gaps in European air defenses",https://consent.yahoo.com/v2/collectConsent?sessionId=1_cc-session_556f53f7-0b0a-4630-a5de-a4c055dcf58d
2026-03-03 00:22:24,Yahoo Entertainment,"Yen, euro under pressure as Middle East conflict stokes energy concerns",https://consent.yahoo.com/v2/collectConsent?sessionId=1_cc-session_01a15d81-d328-4bed-a346-ec8d364a09b9
2026-03-03 13:33:55,Yahoo Entertainment,European shares skid to one-month lows as Middle East war drags on,https://finance.yahoo.com/video/european-shares-skid-one-month-133355437.html
2026-03-18 01:14:22,Yahoo Entertainment,Paraguay becomes final South American country to approve Mercosur-European Union trade deal,https://consent.yahoo.com/v2/collectConsent?sessionId=1_cc-session_4308c91a-c4e5-48ee-9c3d-2db59668e2e0
2026-03-09 10:48:51,Yahoo Entertainment,European shares fall to over two-month lows as Iran war drags on,https://consent.yahoo.com/v2/collectConsent?sessionId=1_cc-session_38e7a4e2-5600-4e9d-9263-8ee318822bb8
2026-03-19 09:03:37,Yahoo Entertainment,European activists deliver medical aid to Cuba amid US blockade,https://consent.yahoo.com/v2/collectConsent?sessionId=1_cc-session_5d4f2256-6bf5-428e-ba23-a27a3a8ff9c3
2026-03-05 17:30:52,Guessingheadlights.com,10 American Cars That Showed the Europeans Who's Boss,https://guessingheadlights.com/10-american-cars-that-showed-the-europeans-whos-boss/
2026-03-05 16:43:56,Yahoo Entertainment,Zelenskyy says he's reluctant to repair pipeline that brings Russian oil to Central Europe,https://consent.yahoo.com/v2/collectConsent?sessionId=1_cc-session_336c8237-be57-4ee8-84a4-666cbb5633ea
2026-03-05 14:01:19,Yahoo Entertainment,"Spain, Italy and Netherlands join European naval deployment to Cyprus",https://consent.yahoo.com/v2/collectConsent?sessionId=1_cc-session_cc1b6d5f-3cc3-41ae-bff6-8e4f74807253
2026-03-10 05:03:10,Yahoo Entertainment,European freight truck makers brace for wave of low-cost Chinese rivals,https://consent.yahoo.com/v2/collectConsent?sessionId=1_cc-session_bda170aa-7fdc-401c-8d1a-b443cf3a60a3
2026-03-20 03:21:53,Yahoo Entertainment,"Joint statement on Strait of Hormuz by European nations, Japan, Canada",https://consent.yahoo.com/v2/collectConsent?sessionId=1_cc-session_23103f39-968e-4e17-8244-8ce170797e3c
2026-03-24 09:08:57,Yahoo Entertainment,"Europe dangerously unprepared for worsening wildfires, report says",https://consent.yahoo.com/v2/collectConsent?sessionId=1_cc-session_3a72defd-17bf-49d8-9374-814f50504572
2026-03-19 12:00:00,TechRadar,Dozens of European cloud CEOs call for real tech sovereignty ahead of Cloud and AI Development Act,https://www.techradar.com/pro/dozens-of-european-cloud-ceos-call-for-real-tech-sovereignty-ahead-of-cloud-and-ai-development-act
2026-03-24 12:48:47,RT,EU nation deploys military to protect Jewish sites,https://www.rt.com/news/636024-belgium-military-jews-synagogue/
2026-03-26 14:30:00,CoinDesk,The privacy paradox: regulating zero-knowledge finance in the EU and beyond,https://www.coindesk.com/opinion/2026/03/19/the-privacy-paradox-regulating-zero-knowledge-finance-in-the-eu-and-beyond
2026-03-27 14:31:32,The Atlantic,The First Post-Reality Political Campaign,https://www.theatlantic.com/ideas/2026/03/hungary-first-post-reality-political-campaign/686565/
2026-03-24 13:34:40,Yahoo Entertainment,Circle Urges EU to Ease Crypto Thresholds in Proposed Markets Framework,https://consent.yahoo.com/v2/collectConsent?sessionId=1_cc-session_b0676832-6f5c-44bb-99ab-c1e5840d7a35
2026-03-18 11:41:23,Yahoo Entertainment,EU Inc proposal seeks to rival US in innovation by easing startup creation,https://consent.yahoo.com/v2/collectConsent?sessionId=1_cc-session_bfc9e4f4-e0c2-4bba-9278-f8af03deab17
2026-03-24 12:26:03,Yahoo Entertainment,"Australia and EU seal trade deal, seek to cut reliance on China for critical minerals",https://consent.yahoo.com/v2/collectConsent?sessionId=1_cc-session_33fd231c-bf82-4d13-ade5-542c832d5586
2026-03-13 13:00:00,Smashingmagazine.com,Moving From Moment.js To The JS Temporal API,https://www.smashingmagazine.com/2026/03/moving-from-moment-to-temporal-api/
2026-03-24 12:16:07,Yahoo Entertainment,EU-Australia talks up trade openings as deal meets mixed response,https://consent.yahoo.com/v2/collectConsent?sessionId=1_cc-session_0cfbac1b-6184-45c9-a5f6-dfdf513f4dba
2026-03-24 12:16:07,Yahoo Entertainment,"EU, Australia talk up trade openings as deal meets mixed response",https://consent.yahoo.com/v2/collectConsent?sessionId=1_cc-session_64761a85-debb-4b50-937e-1222af583677
2026-03-18 12:36:44,Globalresearch.ca,Selected Articles: Poland’s President Nawrocki Vetoes Defense Loan with EU. “Pro-EU” versus “Pol-Exit”,https://www.globalresearch.ca/selected-articles-poland-president-nawrocki-vetoes-defense-loan-eu/5919175
2026-03-06 12:37:42,Al Jazeera English,"Moscow sees significant rise in demand for Russian oil, gas amid Iran war",https://www.aljazeera.com/news/2026/3/6/moscow-sees-significant-rise-in-demand-for-russian-oil-gas-amid-iran-war
2026-03-25 18:55:28,Al Jazeera English,UN passes resolution naming slave trade ‘gravest crime against humanity’,https://www.aljazeera.com/news/2026/3/25/un-passes-resolution-naming-slave-trade-gravest-crime-against-humanity
2026-03-19 07:05:08,Al Jazeera English,"Israeli air raids devastate southern Lebanon, dozens killed in two days",https://www.aljazeera.com/news/2026/3/19/israeli-air-raids-devastate-southern-lebanon-dozens-killed-in-two-days
2026-03-04 12:22:45,Al Jazeera English,"An outlier for condemning Israel’s Gaza genocide, Spain says no to Iran war",https://www.aljazeera.com/news/2026/3/4/spain-no-to-israel-us-war-iran
2026-03-18 15:30:00,Harvard Business Review,What It Takes to Execute a Successful Company Turnaround,https://hbr.org/podcast/2026/03/what-it-takes-to-execute-a-successful-company-turnaround
2026-03-10 16:37:15,Al Jazeera English,IEA due to meet as member states mull releasing oil reserves amid Iran war,https://www.aljazeera.com/news/2026/3/10/iea-to-meet-as-countries-mull-releasing-oil-reserves-amid-iran-war
2026-03-23 19:05:38,ABC News (AU),Australia and European Union to sign free trade agreement decades in the making,https://www.abc.net.au/news/2026-03-24/eu-australia-free-trade-agreement-reached/106488438
2026-03-17 22:12:25,Securityaffairs.com,EU sanctions Chinese and Iranian actors over cyberattacks on critical infrastructure,https://securityaffairs.com/189585/security/eu-sanctions-chinese-and-iranian-actors-over-cyberattacks-on-critical-infrastructure.html
2026-03-07 14:29:07,RT,EU fires back at Zelensky for threatening Orban,https://www.rt.com/news/634091-european-commission-zelensky-threats-orban/
2026-03-09 15:04:39,RT,Hungary urges EU to lift Russian oil ban,https://www.rt.com/business/634257-hungary-lift-russian-oil-sanctions/
2026-03-02 16:25:29,RT,"Just relax and take it, the EU tells Iran",https://www.rt.com/news/633513-iran-eu-victim-blaming/
2026-03-20 09:55:44,BMWBLOG,"Milan Nedeljković on Munich: New i3 Launch, Neue Klasse Build-Out, and a Warning on EU Trade Policy",https://www.bmwblog.com/2026/03/20/bmw-milan-nedeljkovic-munich-plant-i3-neue-klasse/
2026-03-13 17:16:00,BBC News,"New US trade probe targets EU, Canada, UK over forced labour",https://www.bbc.com/news/articles/cgrzvdqze5xo
2026-03-13 17:15:41,Hackaday,"Hackaday Podcast Episode 361: Hackaday Podcast Mailbag, A Phone is Not a Computer, 3D Printing History is New Again",https://hackaday.com/2026/03/13/hackaday-podcast-episode-361-hackaday-podcast-mailbag-a-phone-is-not-a-computer-3d-printing-history-is-new-again/
2026-03-08 09:00:00,Hackaday,Building a Super-Compact Cistercian Numerals Clock,https://hackaday.com/2026/03/08/building-a-super-compact-cistercian-numerals-clock/
2026-03-08 14:00:00,Hackaday,Restoring a Commodore PET 3032 in Rough Condition,https://hackaday.com/2026/03/08/restoring-a-commodore-pet-3032-in-rough-condition/
2026-03-20 17:00:04,Hackaday,"Hackaday Podcast Episode 362: Compression Molding, IPv4x, and Wired Headphones",https://hackaday.com/2026/03/20/hackaday-podcast-episode-362-compression-molding-ipv4x-and-wired-headphones/
2026-03-04 01:23:30,RT,Ukraine shoots down EU mission to inspect Russian oil pipeline – FT,https://www.rt.com/news/633669-ft-eu-pressure-ukraine-druzhba-pipeline-hungary/
2026-03-04 13:44:45,RT,Moscow slams EU’s ‘disastrous’ energy decisions,https://www.rt.com/russia/633761-dmitriev-eu-energy-decisions/
2026-03-16 11:48:51,RT,The ‘rules-based order’ has failed in its mission – helping the West do whatever it wants,https://www.rt.com/news/635207-rules-based-order-failed/
2026-03-04 08:09:11,RT,EU’s von der Leyen and Kallas on ‘collision course’ amid Iran war – Politico,https://www.rt.com/news/633721-eu-rift-iran-war/
2026-03-17 15:28:31,CBS News,EU rejects Trump's calls for deployments to reopen Strait of Hormuz,https://www.cbsnews.com/news/iran-war-trump-strait-of-hormuz-european-union-rejects-call-to-send-ships/
2026-03-08 13:08:39,Tom's Hardware UK,"Norwegian gov't consumer watchdog calls out ‘enshittification’ of video games, connected devices, and others — claims hardware deliberately degraded after purchase",https://www.tomshardware.com/tech-industry/norwegian-consumer-watchdog-calls-out-enshittification
2026-03-23 16:49:30,RT,EU energy crisis caused by policy mistakes – Rosatom chief,https://www.rt.com/business/635904-eu-energy-crisis-rosatom-likhachev/
2026-03-03 21:00:52,RT,Iran war may push EU towards Russian gas – key supplier,https://www.rt.com/business/633663-middle-east-war-energy-eu-russia/
2026-03-16 10:38:30,RT,Poland leaving EU is ‘a real threat’ – Tusk,https://www.rt.com/news/635205-tusk-poland-eu-exit/
2026-03-27 21:19:09,RT,EU moves towards creating overseas ‘return hubs’ for migrants,https://www.rt.com/news/636442-eu-migrants-return-hubs/
2026-03-23 16:03:26,RT,Hungarian foreign minister wiretapped by EU spies – Orban,https://www.rt.com/news/635941-hungary-szijjarto-wiretapping-orban/
2026-03-17 12:44:08,RT,EU will ‘inevitably beg for more Russian gas’ – Putin envoy,https://www.rt.com/business/635302-dmitirev-eu-begging-russia-gas/
2026-03-16 18:47:47,RT,EU ‘completely discredited itself’ in Ukraine peace process – Lavrov,https://www.rt.com/russia/635228-eu-discredited-ukraine-talks-lavrov/
2026-03-08 14:01:44,RT,‘Wagging the dog’: Putin mocks EU-Ukraine relationship,https://www.rt.com/russia/634160-wagging-putin-eu-ukraine-relationship/
2026-03-09 01:52:44,Spacewar.com,"EU, Switzerland agree to strengthen foreign, security cooperation",https://www.spacewar.com/reports/EU_Switzerland_agree_to_strengthen_foreign_security_cooperation_999.html
2026-03-04 12:50:08,Spacewar.com,EU says 'ready' to defend interests after Trump Spain threat,https://www.spacewar.com/reports/EU_says_ready_to_defend_interests_after_Trump_Spain_threat_999.html
2026-03-18 08:52:34,Globalresearch.ca,Poland’s President Nawrocki Vetoes Defense Loan with EU. “Pro-EU” versus “Pol-Exit”,https://www.globalresearch.ca/polish-president-vetoes-defense-loan-eu/5919124
2026-03-11 12:39:21,RT,Looks like the EU might have to pay Zelensky just to shut up,https://www.rt.com/news/634502-eu-pay-zelensky-shut-up/
2026-03-24 22:37:00,Techdirt,An Open Training Set For AI Goes Global,https://www.techdirt.com/2026/03/24/an-open-training-set-for-ai-goes-global/
2026-03-09 13:06:43,Eurogamer.net,"What does New York's legal case against Valve mean for the company and its players? To find out, we asked a lawyer",https://www.eurogamer.net/really-big-problem-specialist-lawyer-new-york-suing-valve-counter-strike-2-dota-2-loot-boxes
2026-03-23 09:51:02,GamesIndustry.biz,Nintendo reportedly planning revised Switch 2 model with replaceable battery in EU,https://www.gamesindustry.biz/nintendo-reportedly-planning-revised-switch-2-model-with-replaceable-battery-in-eu
2026-03-18 19:58:59,Kotaku,Resident Evil Dev Knows You’re Dying To Find Out Who Leon Married,https://kotaku.com/resident-evil-requiem-leon-married-wedding-ring-ada-claire-2000680062
2026-03-14 18:35:04,Kotaku,Unremarkable Medieval Action Sim 1348 Ex Voto Gets Hit With Absurd Conspiracy Over Italian Tax Relief Funds,https://kotaku.com/1348-ex-voto-lgbtq-propaganda-tax-credits-steam-reviews-2000678922
2026-03-13 15:13:46,Kotaku,Indie Game All Will Rise Is Returning Microsoft’s Funding In Support Of ‘No Games For Genocide’ Boycott,https://kotaku.com/all-will-rise-game-indie-microsoft-xbox-no-games-for-genocide-boycott-israel-palestine-2000678654
2026-03-14 14:30:07,Kotaku,Meet The Guy Who’s Saving The Super Nintendo’s Infamously Inferior Version Of Doom,https://kotaku.com/doom-snes-id-shooter-original-limited-run-2000678756
2026-03-02 15:06:00,Kotaku,Starfield Will Reportedly Fill The April-Sized Hole In The PS5’s Release Calendar,https://kotaku.com/starfield-will-reportedly-fill-the-april-sized-hole-in-the-ps5s-release-calendar-2000675020
2026-03-24 20:28:39,Kotaku,Union Blasts Greedfall 2 Publisher Over Studio Bankruptcies: ‘Years Of Mismanagement And Strategic Nothingness’,https://kotaku.com/union-blasts-greedfall-2-publisher-over-studio-bankruptcies-years-of-mismanagement-and-strategic-nothingness-2000681513
2026-03-24 12:25:08,Kotaku,Report: Nintendo Is Slashing Switch 2 Production By A Third After Poor U.S. Sales,https://kotaku.com/nintendo-switch-2-sales-holiday-mario-zelda-pokemon-2000681428
2026-03-23 19:29:12,Kotaku,How To Collect Pokémon Cards In 2026 Without Spending A Fortune,https://kotaku.com/pokemon-tcg-collection-collecting-cheap-trading-2000681059
2026-03-16 16:20:34,Kotaku,Get Ready For A Big Info Dump On The Future Of Starfield,https://kotaku.com/starfield-2-0-ps5-update-bethesda-preview-2000679082
2026-03-17 11:30:42,Kotaku,Your Switch 2 Just Received A Massive Upgrade For Playing Switch 1 Games,https://kotaku.com/your-switch-2-just-received-a-massive-upgrade-handheld-boost-mode-2000679515
2026-03-22 13:44:05,Kotaku,Mario Kart Tour Now Rated 18+ In Some Places As Regulators Crack Down On In-Game Gambling,https://kotaku.com/mario-kart-tour-gambling-esrb-pegi-age-rating-2000680828
2026-03-27 12:11:47,Kotaku,PS5 Now Starts At $600 As Sony Calls Major Price Hikes ‘A Necessary Step’,https://kotaku.com/playstation-5-pro-ps5-portal-price-increase-april-2026-2000682609
2026-03-02 14:30:58,Kotaku,Pokémon Pokopia Reviews Call It One of The Best Spin-Offs The Series Has Ever Had,https://kotaku.com/pokemon-pokopia-review-round-up-animal-crossing-ditto-2000675011
2026-03-11 20:25:44,Kotaku,Former God Of War Writer Says Sex Mini-Games Were ‘Worked On By Women’ And Should Return In Remake,https://kotaku.com/former-god-of-war-writer-sex-mini-games-worked-on-by-women-should-return-remake-2000677987
2026-03-18 15:35:37,Kotaku,Pirates Have A Field Day With Death Stranding 2 After It Accidentally Leaks Early On Steam,https://kotaku.com/death-stranding-2-steam-leak-piracy-pc-2000679952
